[{"model": "admin.logentry", "pk": 1, "fields": {"action_time": "2025-08-06T06:34:46.256Z", "user": 1, "content_type": 6, "object_id": "1", "object_repr": "anuruprocks@gmail.com", "action_flag": 2, "change_message": "[{\"changed\": {\"fields\": [\"Username\"]}}]"}}, {"model": "admin.logentry", "pk": 2, "fields": {"action_time": "2025-08-06T08:56:59.291Z", "user": 1, "content_type": 6, "object_id": "2", "object_repr": "", "action_flag": 1, "change_message": "[{\"added\": {}}]"}}, {"model": "admin.logentry", "pk": 3, "fields": {"action_time": "2025-08-06T08:58:17.846Z", "user": 1, "content_type": 6, "object_id": "2", "object_repr": "ram12@gmail.com", "action_flag": 2, "change_message": "[{\"changed\": {\"fields\": [\"First name\", \"Last name\", \"Email\", \"Role\"]}}]"}}, {"model": "admin.logentry", "pk": 4, "fields": {"action_time": "2025-08-06T08:58:24.867Z", "user": 1, "content_type": 6, "object_id": "2", "object_repr": "ram12@gmail.com", "action_flag": 2, "change_message": "[]"}}, {"model": "admin.logentry", "pk": 5, "fields": {"action_time": "2025-08-06T09:00:06.704Z", "user": 1, "content_type": 6, "object_id": "2", "object_repr": "ram12@gmail.com", "action_flag": 2, "change_message": "[{\"changed\": {\"fields\": [\"Phone number\"]}}]"}}, {"model": "admin.logentry", "pk": 6, "fields": {"action_time": "2025-08-06T09:28:28.973Z", "user": 1, "content_type": 6, "object_id": "3", "object_repr": "", "action_flag": 1, "change_message": "[{\"added\": {}}]"}}, {"model": "admin.logentry", "pk": 7, "fields": {"action_time": "2025-08-06T09:30:10.663Z", "user": 1, "content_type": 6, "object_id": "3", "object_repr": "aman45@gmail.com", "action_flag": 2, "change_message": "[{\"changed\": {\"fields\": [\"First name\", \"Last name\", \"Email\", \"Phone number\", \"Role\"]}}]"}}, {"model": "admin.logentry", "pk": 8, "fields": {"action_time": "2025-08-06T10:31:23.315Z", "user": 1, "content_type": 6, "object_id": "4", "object_repr": "", "action_flag": 1, "change_message": "[{\"added\": {}}]"}}, {"model": "admin.logentry", "pk": 9, "fields": {"action_time": "2025-08-06T10:32:26.159Z", "user": 1, "content_type": 6, "object_id": "4", "object_repr": "puja14@gmail.com", "action_flag": 2, "change_message": "[{\"changed\": {\"fields\": [\"First name\", \"Last name\", \"Email\", \"Phone number\", \"Role\"]}}]"}}, {"model": "admin.logentry", "pk": 10, "fields": {"action_time": "2026-02-17T09:04:38.556Z", "user": 1, "content_type": 6, "object_id": "9", "object_repr": "aditya44@gmail.com", "action_flag": 2, "change_message": "[{\"changed\": {\"fields\": [\"Is active\"]}}]"}}, {"model": "admin.logentry", "pk": 11, "fields": {"action_time": "2026-02-17T14:30:00.351Z", "user": 1, "content_type": 6, "object_id": "10", "object_repr": "lily78@gmail.com", "action_flag": 2, "change_message": "[{\"changed\": {\"fields\": [\"Is active\"]}}]"}}, {"model": "admin.logentry", "pk": 12, "fields": {"action_time": "2026-02-17T14:31:56.211Z", "user": 1, "content_type": 6, "object_id": "8", "object_repr": "anamika@gmail.com", "action_flag": 3, "change_message": ""}}, {"model": "admin.logentry", "pk": 13, "fields": {"action_time": "2026-02-17T14:31:56.211Z", "user": 1, "content_type": 6, "object_id": "7", "object_repr": "bikash@gmail.com", "action_flag": 3, "change_message": ""}}, {"model": "admin.logentry", "pk": 14, "fields": {"action_time": "2026-02-17T14:31:56.211Z", "user": 1, "content_type": 6, "object_id": "6", "object_repr": "suman@gmail.com", "action_flag": 3, "change_message": ""}}, {"model": "admin.logentry", "pk": 15, "fields": {"action_time": "2026-02-17T14:31:56.211Z", "user": 1, "content_type": 6, "object_id": "5", "object_repr": "nitin@gmail.com", "action_flag": 3, "change_message": ""}}, {"model": "admin.logentry", "pk": 16, "fields": {"action_time": "2026-02-17T14:31:56.211Z", "user": 1, "content_type": 6, "object_id": "4", "object_repr": "puja14@gmail.com", "action_flag": 3, "change_message": ""}}, {"model": "admin.logentry", "pk": 17, "fields": {"action_time": "2026-02-17T14:31:56.211Z", "user": 1, "content_type": 6, "object_id": "3", "object_repr": "aman45@gmail.com", "action_flag": 3, "change_message": ""}}, {"model": "admin.logentry", "pk": 18, "fields": {"action_time": "2026-02-17T14:31:56.211Z", "user": 1, "content_type": 6, "object_id": "2", "object_repr": "ram12@gmail.com", "action_flag": 3, "change_message": ""}}, {"model": "admin.logentry", "pk": 19, "fields": {"action_time": "2026-02-23T19:31:37.573Z", "user": 1, "content_type": 8, "object_id": "2", "object_repr": "Utkal Bango", "action_flag": 2, "change_message": "[{\"changed\": {\"fields\": [\"Is approved\"]}}]"}}, {"model": "admin.logentry", "pk": 20, "fields": {"action_time": "2026-02-23T20:13:33.704Z", "user": 1, "content_type": 8, "object_id": "2", "object_repr": "Utkal Bango", "action_flag": 2, "change_message": "[{\"changed\": {\"fields\": [\"Is approved\"]}}]"}}, {"model": "admin.logentry", "pk": 21, "fields": {"action_time": "2026-02-25T04:54:07.605Z", "user": 1, "content_type": 7, "object_id": "11", "object_repr": "anurupbiswal@gmail.com", "action_flag": 2, "change_message": "[{\"changed\": {\"fields\": [\"Profile picture\", \"Cover photo\", \"Address line 1\", \"Address line 2\", \"Country\", \"State\", \"City\", \"Pin code\"]}}]"}}, {"model": "admin.logentry", "pk": 22, "fields": {"action_time": "2026-02-28T13:42:09.118Z", "user": 1, "content_type": 7, "object_id": "11", "object_repr": "anurupbiswal@gmail.com", "action_flag": 2, "change_message": "[{\"changed\": {\"fields\": [\"Address\"]}}]"}}, {"model": "admin.logentry", "pk": 23, "fields": {"action_time": "2026-03-03T20:00:16.344Z", "user": 1, "content_type": 9, "object_id": "1", "object_repr": "Chicken Biriyani", "action_flag": 1, "change_message": "[{\"added\": {}}]"}}, {"model": "admin.logentry", "pk": 24, "fields": {"action_time": "2026-03-03T20:03:38.200Z", "user": 1, "content_type": 10, "object_id": "1", "object_repr": "Hyderabadi Chicken Biriyani", "action_flag": 1, "change_message": "[{\"added\": {}}]"}}, {"model": "admin.logentry", "pk": 25, "fields": {"action_time": "2026-03-06T20:15:42.371Z", "user": 1, "content_type": 9, "object_id": "2", "object_repr": "Pizza", "action_flag": 1, "change_message": "[{\"added\": {}}]"}}, {"model": "admin.logentry", "pk": 26, "fields": {"action_time": "2026-03-06T20:16:54.198Z", "user": 1, "content_type": 9, "object_id": "3", "object_repr": "Burger", "action_flag": 1, "change_message": "[{\"added\": {}}]"}}, {"model": "admin.logentry", "pk": 27, "fields": {"action_time": "2026-03-06T20:18:08.451Z", "user": 1, "content_type": 9, "object_id": "4", "object_repr": "Seafood", "action_flag": 1, "change_message": "[{\"added\": {}}]"}}, {"model": "admin.logentry", "pk": 28, "fields": {"action_time": "2026-03-06T20:20:17.890Z", "user": 1, "content_type": 9, "object_id": "5", "object_repr": "Chicken", "action_flag": 1, "change_message": "[{\"added\": {}}]"}}, {"model": "admin.logentry", "pk": 29, "fields": {"action_time": "2026-03-06T20:23:45.734Z", "user": 1, "content_type": 10, "object_id": "2", "object_repr": "Chicken Barbeque", "action_flag": 1, "change_message": "[{\"added\": {}}]"}}, {"model": "admin.logentry", "pk": 30, "fields": {"action_time": "2026-03-06T20:25:26.079Z", "user": 1, "content_type": 10, "object_id": "3", "object_repr": "Chicken Grilled", "action_flag": 1, "change_message": "[{\"added\": {}}]"}}, {"model": "admin.logentry", "pk": 31, "fields": {"action_time": "2026-03-06T20:27:23.989Z", "user": 1, "content_type": 10, "object_id": "4", "object_repr": "Fried Chicken", "action_flag": 1, "change_message": "[{\"added\": {}}]"}}, {"model": "admin.logentry", "pk": 32, "fields": {"action_time": "2026-03-06T20:29:18.765Z", "user": 1, "content_type": 10, "object_id": "5", "object_repr": "chicken pizza", "action_flag": 1, "change_message": "[{\"added\": {}}]"}}, {"model": "admin.logentry", "pk": 33, "fields": {"action_time": "2026-03-06T20:30:31.462Z", "user": 1, "content_type": 10, "object_id": "6", "object_repr": "Italian Pizza", "action_flag": 1, "change_message": "[{\"added\": {}}]"}}, {"model": "admin.logentry", "pk": 34, "fields": {"action_time": "2026-03-06T20:33:06.566Z", "user": 1, "content_type": 10, "object_id": "7", "object_repr": "Veg Pizza", "action_flag": 1, "change_message": "[{\"added\": {}}]"}}, {"model": "admin.logentry", "pk": 35, "fields": {"action_time": "2026-03-06T20:37:01.715Z", "user": 1, "content_type": 10, "object_id": "8", "object_repr": "Chicken Burger", "action_flag": 1, "change_message": "[{\"added\": {}}]"}}, {"model": "admin.logentry", "pk": 36, "fields": {"action_time": "2026-03-06T20:38:02.421Z", "user": 1, "content_type": 10, "object_id": "9", "object_repr": "Veg Burger", "action_flag": 1, "change_message": "[{\"added\": {}}]"}}, {"model": "admin.logentry", "pk": 37, "fields": {"action_time": "2026-03-06T20:39:33.925Z", "user": 1, "content_type": 10, "object_id": "10", "object_repr": "Tuna Fish Fry", "action_flag": 1, "change_message": "[{\"added\": {}}]"}}, {"model": "admin.logentry", "pk": 38, "fields": {"action_time": "2026-03-06T20:41:16.773Z", "user": 1, "content_type": 10, "object_id": "11", "object_repr": "Fish Thali", "action_flag": 1, "change_message": "[{\"added\": {}}]"}}, {"model": "admin.logentry", "pk": 39, "fields": {"action_time": "2026-03-07T20:44:53.529Z", "user": 1, "content_type": 9, "object_id": "6", "object_repr": "test blank category", "action_flag": 1, "change_message": "[{\"added\": {}}]"}}, {"model": "admin.logentry", "pk": 40, "fields": {"action_time": "2026-03-16T17:59:57.234Z", "user": 1, "content_type": 8, "object_id": "3", "object_repr": "MeatMatka", "action_flag": 2, "change_message": "[{\"changed\": {\"fields\": [\"Is approved\"]}}]"}}, {"model": "admin.logentry", "pk": 41, "fields": {"action_time": "2026-03-16T18:00:00.502Z", "user": 1, "content_type": 8, "object_id": "2", "object_repr": "Utkal Bango", "action_flag": 2, "change_message": "[{\"changed\": {\"fields\": [\"Is approved\"]}}]"}}, {"model": "admin.logentry", "pk": 42, "fields": {"action_time": "2026-03-16T18:00:14.942Z", "user": 1, "content_type": 8, "object_id": "1", "object_repr": "Regan Classic", "action_flag": 2, "change_message": "[{\"changed\": {\"fields\": [\"Is approved\"]}}]"}}, {"model": "admin.logentry", "pk": 43, "fields": {"action_time": "2026-03-17T16:56:51.319Z", "user": 1, "content_type": 8, "object_id": "3", "object_repr": "MeatMatka", "action_flag": 2, "change_message": "[{\"changed\": {\"fields\": [\"Vendor slug\"]}}]"}}, {"model": "admin.logentry", "pk": 44, "fields": {"action_time": "2026-03-17T16:57:14.147Z", "user": 1, "content_type": 8, "object_id": "1", "object_repr": "Regan Classic", "action_flag": 2, "change_message": "[{\"changed\": {\"fields\": [\"Vendor slug\"]}}]"}}, {"model": "admin.logentry", "pk": 45, "fields": {"action_time": "2026-03-17T16:57:29.269Z", "user": 1, "content_type": 8, "object_id": "2", "object_repr": "Utkal Bango", "action_flag": 2, "change_message": "[{\"changed\": {\"fields\": [\"Vendor slug\"]}}]"}}, {"model": "admin.logentry", "pk": 46, "fields": {"action_time": "2026-03-17T18:10:21.104Z", "user": 1, "content_type": 8, "object_id": "4", "object_repr": "All in one", "action_flag": 3, "change_message": ""}}, {"model": "admin.logentry", "pk": 47, "fields": {"action_time": "2026-03-17T18:41:30.264Z", "user": 1, "content_type": 8, "object_id": "5", "object_repr": "What not here", "action_flag": 3, "change_message": ""}}, {"model": "admin.logentry", "pk": 48, "fields": {"action_time": "2026-03-17T18:42:02.032Z", "user": 1, "content_type": 7, "object_id": "14", "object_repr": "whatt@gmail.com", "action_flag": 3, "change_message": ""}}, {"model": "admin.logentry", "pk": 49, "fields": {"action_time": "2026-03-17T18:42:02.032Z", "user": 1, "content_type": 7, "object_id": "13", "object_repr": "test@gmail.com", "action_flag": 3, "change_message": ""}}, {"model": "admin.logentry", "pk": 50, "fields": {"action_time": "2026-03-18T06:35:27.089Z", "user": 1, "content_type": 7, "object_id": "12", "object_repr": "aodisha90@gmail.com", "action_flag": 2, "change_message": "[{\"changed\": {\"fields\": [\"Cover photo\"]}}]"}}, {"model": "admin.logentry", "pk": 51, "fields": {"action_time": "2026-03-18T06:35:34.046Z", "user": 1, "content_type": 8, "object_id": "3", "object_repr": "MeatMatka", "action_flag": 2, "change_message": "[]"}}, {"model": "admin.logentry", "pk": 52, "fields": {"action_time": "2026-03-18T06:36:50.598Z", "user": 1, "content_type": 7, "object_id": "12", "object_repr": "aodisha90@gmail.com", "action_flag": 2, "change_message": "[]"}}, {"model": "admin.logentry", "pk": 53, "fields": {"action_time": "2026-03-18T06:36:54.339Z", "user": 1, "content_type": 8, "object_id": "3", "object_repr": "MeatMatka", "action_flag": 2, "change_message": "[]"}}, {"model": "admin.logentry", "pk": 54, "fields": {"action_time": "2026-03-18T06:39:17.417Z", "user": 1, "content_type": 7, "object_id": "12", "object_repr": "aodisha90@gmail.com", "action_flag": 2, "change_message": "[{\"changed\": {\"fields\": [\"Cover photo\"]}}]"}}, {"model": "admin.logentry", "pk": 55, "fields": {"action_time": "2026-03-18T06:39:22.507Z", "user": 1, "content_type": 8, "object_id": "3", "object_repr": "MeatMatka", "action_flag": 2, "change_message": "[]"}}, {"model": "admin.logentry", "pk": 56, "fields": {"action_time": "2026-03-25T08:03:55.706Z", "user": 1, "content_type": 11, "object_id": "6", "object_repr": "anuruprocks@gmail.com", "action_flag": 3, "change_message": ""}}, {"model": "admin.logentry", "pk": 57, "fields": {"action_time": "2026-03-25T08:03:55.706Z", "user": 1, "content_type": 11, "object_id": "5", "object_repr": "anuruprocks@gmail.com", "action_flag": 3, "change_message": ""}}, {"model": "admin.logentry", "pk": 58, "fields": {"action_time": "2026-03-25T08:03:55.706Z", "user": 1, "content_type": 11, "object_id": "4", "object_repr": "anuruprocks@gmail.com", "action_flag": 3, "change_message": ""}}, {"model": "admin.logentry", "pk": 59, "fields": {"action_time": "2026-03-25T08:03:55.706Z", "user": 1, "content_type": 11, "object_id": "3", "object_repr": "anuruprocks@gmail.com", "action_flag": 3, "change_message": ""}}, {"model": "admin.logentry", "pk": 60, "fields": {"action_time": "2026-03-25T08:03:55.706Z", "user": 1, "content_type": 11, "object_id": "2", "object_repr": "anuruprocks@gmail.com", "action_flag": 3, "change_message": ""}}, {"model": "admin.logentry", "pk": 61, "fields": {"action_time": "2026-03-25T11:44:51.438Z", "user": 1, "content_type": 11, "object_id": "11", "object_repr": "anuruprocks@gmail.com", "action_flag": 3, "change_message": ""}}, {"model": "admin.logentry", "pk": 62, "fields": {"action_time": "2026-03-25T11:44:51.438Z", "user": 1, "content_type": 11, "object_id": "10", "object_repr": "anuruprocks@gmail.com", "action_flag": 3, "change_message": ""}}, {"model": "admin.logentry", "pk": 63, "fields": {"action_time": "2026-03-25T11:44:51.438Z", "user": 1, "content_type": 11, "object_id": "9", "object_repr": "anuruprocks@gmail.com", "action_flag": 3, "change_message": ""}}, {"model": "admin.logentry", "pk": 64, "fields": {"action_time": "2026-03-25T11:44:51.438Z", "user": 1, "content_type": 11, "object_id": "8", "object_repr": "anuruprocks@gmail.com", "action_flag": 3, "change_message": ""}}, {"model": "admin.logentry", "pk": 65, "fields": {"action_time": "2026-03-25T11:44:51.438Z", "user": 1, "content_type": 11, "object_id": "7", "object_repr": "anuruprocks@gmail.com", "action_flag": 3, "change_message": ""}}, {"model": "admin.logentry", "pk": 66, "fields": {"action_time": "2026-03-25T11:44:51.438Z", "user": 1, "content_type": 11, "object_id": "1", "object_repr": "anuruprocks@gmail.com", "action_flag": 3, "change_message": ""}}, {"model": "admin.logentry", "pk": 67, "fields": {"action_time": "2026-03-31T15:54:54.595Z", "user": 1, "content_type": 6, "object_id": "14", "object_repr": "whatt@gmail.com", "action_flag": 3, "change_message": ""}}, {"model": "admin.logentry", "pk": 68, "fields": {"action_time": "2026-03-31T15:54:54.595Z", "user": 1, "content_type": 6, "object_id": "13", "object_repr": "test@gmail.com", "action_flag": 3, "change_message": ""}}, {"model": "admin.logentry", "pk": 69, "fields": {"action_time": "2026-03-31T19:48:52.963Z", "user": 1, "content_type": 6, "object_id": "15", "object_repr": "aloksharma@gmail.com", "action_flag": 3, "change_message": ""}}, {"model": "admin.logentry", "pk": 70, "fields": {"action_time": "2026-03-31T19:55:13.062Z", "user": 1, "content_type": 6, "object_id": "16", "object_repr": "diya55@gmail.com", "action_flag": 2, "change_message": "[{\"changed\": {\"fields\": [\"Is active\"]}}]"}}, {"model": "admin.logentry", "pk": 71, "fields": {"action_time": "2026-03-31T19:55:42.620Z", "user": 1, "content_type": 8, "object_id": "7", "object_repr": "Cozy Dine", "action_flag": 2, "change_message": "[{\"changed\": {\"fields\": [\"Is approved\"]}}]"}}, {"model": "admin.logentry", "pk": 72, "fields": {"action_time": "2026-04-05T16:23:00.782Z", "user": 1, "content_type": 7, "object_id": "16", "object_repr": "diya55@gmail.com", "action_flag": 2, "change_message": "[]"}}, {"model": "admin.logentry", "pk": 73, "fields": {"action_time": "2026-04-05T18:23:06.527Z", "user": 1, "content_type": 7, "object_id": "12", "object_repr": "aodisha90@gmail.com", "action_flag": 2, "change_message": "[]"}}, {"model": "admin.logentry", "pk": 74, "fields": {"action_time": "2026-04-05T19:38:52.391Z", "user": 1, "content_type": 7, "object_id": "11", "object_repr": "anurupbiswal@gmail.com", "action_flag": 2, "change_message": "[]"}}, {"model": "admin.logentry", "pk": 75, "fields": {"action_time": "2026-04-07T10:32:48.046Z", "user": 1, "content_type": 7, "object_id": "16", "object_repr": "diya55@gmail.com", "action_flag": 2, "change_message": "[]"}}, {"model": "admin.logentry", "pk": 76, "fields": {"action_time": "2026-04-07T10:32:48.124Z", "user": 1, "content_type": 7, "object_id": "16", "object_repr": "diya55@gmail.com", "action_flag": 2, "change_message": "[]"}}, {"model": "admin.logentry", "pk": 77, "fields": {"action_time": "2026-04-07T13:02:54.524Z", "user": 1, "content_type": 7, "object_id": "12", "object_repr": "aodisha90@gmail.com", "action_flag": 2, "change_message": "[]"}}, {"model": "admin.logentry", "pk": 78, "fields": {"action_time": "2026-04-07T13:04:46.556Z", "user": 1, "content_type": 7, "object_id": "11", "object_repr": "anurupbiswal@gmail.com", "action_flag": 2, "change_message": "[]"}}, {"model": "admin.logentry", "pk": 79, "fields": {"action_time": "2026-04-07T13:05:17.018Z", "user": 1, "content_type": 7, "object_id": "9", "object_repr": "aditya44@gmail.com", "action_flag": 2, "change_message": "[]"}}, {"model": "admin.logentry", "pk": 80, "fields": {"action_time": "2026-04-07T13:24:29.526Z", "user": 1, "content_type": 7, "object_id": "16", "object_repr": "diya55@gmail.com", "action_flag": 2, "change_message": "[]"}}, {"model": "admin.logentry", "pk": 81, "fields": {"action_time": "2026-04-07T13:25:32.754Z", "user": 1, "content_type": 7, "object_id": "12", "object_repr": "aodisha90@gmail.com", "action_flag": 2, "change_message": "[]"}}, {"model": "admin.logentry", "pk": 82, "fields": {"action_time": "2026-04-07T13:25:50.826Z", "user": 1, "content_type": 7, "object_id": "11", "object_repr": "anurupbiswal@gmail.com", "action_flag": 2, "change_message": "[]"}}, {"model": "admin.logentry", "pk": 83, "fields": {"action_time": "2026-04-07T13:26:21.423Z", "user": 1, "content_type": 7, "object_id": "9", "object_repr": "aditya44@gmail.com", "action_flag": 2, "change_message": "[]"}}, {"model": "admin.logentry", "pk": 84, "fields": {"action_time": "2026-04-14T04:51:35.723Z", "user": 1, "content_type": 12, "object_id": "1", "object_repr": "OpeningHour object (1)", "action_flag": 1, "change_message": "[{\"added\": {}}]"}}, {"model": "admin.logentry", "pk": 85, "fields": {"action_time": "2026-04-18T11:20:48.840Z", "user": 1, "content_type": 13, "object_id": "1", "object_repr": "CGST", "action_flag": 1, "change_message": "[{\"added\": {}}]"}}, {"model": "admin.logentry", "pk": 86, "fields": {"action_time": "2026-04-18T11:21:30.599Z", "user": 1, "content_type": 13, "object_id": "2", "object_repr": "SGST", "action_flag": 1, "change_message": "[{\"added\": {}}]"}}, {"model": "admin.logentry", "pk": 87, "fields": {"action_time": "2026-04-19T13:22:04.649Z", "user": 1, "content_type": 7, "object_id": "10", "object_repr": "lily78@gmail.com", "action_flag": 2, "change_message": "[{\"changed\": {\"fields\": [\"Country\"]}}]"}}, {"model": "admin.logentry", "pk": 88, "fields": {"action_time": "2026-04-19T13:25:02.365Z", "user": 1, "content_type": 7, "object_id": "10", "object_repr": "lily78@gmail.com", "action_flag": 2, "change_message": "[]"}}, {"model": "admin.logentry", "pk": 89, "fields": {"action_time": "2026-04-19T13:34:36.466Z", "user": 1, "content_type": 6, "object_id": "10", "object_repr": "lily78@gmail.com", "action_flag": 2, "change_message": "[{\"changed\": {\"fields\": [\"Phone number\"]}}]"}}, {"model": "admin.logentry", "pk": 90, "fields": {"action_time": "2026-04-28T11:31:44.722Z", "user": 1, "content_type": 15, "object_id": "68", "object_repr": "2026042700391568", "action_flag": 3, "change_message": ""}}, {"model": "admin.logentry", "pk": 91, "fields": {"action_time": "2026-04-28T11:31:44.722Z", "user": 1, "content_type": 15, "object_id": "67", "object_repr": "2026042700292667", "action_flag": 3, "change_message": ""}}, {"model": "admin.logentry", "pk": 92, "fields": {"action_time": "2026-04-28T11:31:44.722Z", "user": 1, "content_type": 15, "object_id": "66", "object_repr": "2026042700291866", "action_flag": 3, "change_message": ""}}, {"model": "admin.logentry", "pk": 93, "fields": {"action_time": "2026-04-28T11:31:44.722Z", "user": 1, "content_type": 15, "object_id": "65", "object_repr": "2026042700223865", "action_flag": 3, "change_message": ""}}, {"model": "admin.logentry", "pk": 94, "fields": {"action_time": "2026-04-28T11:31:44.722Z", "user": 1, "content_type": 15, "object_id": "64", "object_repr": "2026042700162564", "action_flag": 3, "change_message": ""}}, {"model": "admin.logentry", "pk": 95, "fields": {"action_time": "2026-04-28T11:31:44.722Z", "user": 1, "content_type": 15, "object_id": "63", "object_repr": "2026042623281263", "action_flag": 3, "change_message": ""}}, {"model": "admin.logentry", "pk": 96, "fields": {"action_time": "2026-04-28T11:31:44.722Z", "user": 1, "content_type": 15, "object_id": "62", "object_repr": "2026042623273062", "action_flag": 3, "change_message": ""}}, {"model": "admin.logentry", "pk": 97, "fields": {"action_time": "2026-04-28T11:31:44.722Z", "user": 1, "content_type": 15, "object_id": "61", "object_repr": "2026042619230561", "action_flag": 3, "change_message": ""}}, {"model": "admin.logentry", "pk": 98, "fields": {"action_time": "2026-04-28T11:31:44.722Z", "user": 1, "content_type": 15, "object_id": "60", "object_repr": "2026042600113660", "action_flag": 3, "change_message": ""}}, {"model": "admin.logentry", "pk": 99, "fields": {"action_time": "2026-04-28T11:31:44.722Z", "user": 1, "content_type": 15, "object_id": "59", "object_repr": "2026042600065759", "action_flag": 3, "change_message": ""}}, {"model": "admin.logentry", "pk": 100, "fields": {"action_time": "2026-04-28T11:31:44.722Z", "user": 1, "content_type": 15, "object_id": "58", "object_repr": "2026042600021258", "action_flag": 3, "change_message": ""}}, {"model": "admin.logentry", "pk": 101, "fields": {"action_time": "2026-04-28T11:31:44.722Z", "user": 1, "content_type": 15, "object_id": "57", "object_repr": "2026042523191957", "action_flag": 3, "change_message": ""}}, {"model": "admin.logentry", "pk": 102, "fields": {"action_time": "2026-04-28T11:31:44.722Z", "user": 1, "content_type": 15, "object_id": "56", "object_repr": "2026042523134056", "action_flag": 3, "change_message": ""}}, {"model": "admin.logentry", "pk": 103, "fields": {"action_time": "2026-04-28T11:31:44.722Z", "user": 1, "content_type": 15, "object_id": "55", "object_repr": "2026042518063755", "action_flag": 3, "change_message": ""}}, {"model": "admin.logentry", "pk": 104, "fields": {"action_time": "2026-04-28T11:31:44.722Z", "user": 1, "content_type": 15, "object_id": "54", "object_repr": "2026042518014954", "action_flag": 3, "change_message": ""}}, {"model": "admin.logentry", "pk": 105, "fields": {"action_time": "2026-04-28T11:31:44.722Z", "user": 1, "content_type": 15, "object_id": "53", "object_repr": "2026042517462453", "action_flag": 3, "change_message": ""}}, {"model": "admin.logentry", "pk": 106, "fields": {"action_time": "2026-04-28T11:31:44.722Z", "user": 1, "content_type": 15, "object_id": "52", "object_repr": "2026042517435152", "action_flag": 3, "change_message": ""}}, {"model": "admin.logentry", "pk": 107, "fields": {"action_time": "2026-04-28T11:31:44.722Z", "user": 1, "content_type": 15, "object_id": "51", "object_repr": "2026042511090451", "action_flag": 3, "change_message": ""}}, {"model": "admin.logentry", "pk": 108, "fields": {"action_time": "2026-04-28T11:31:44.723Z", "user": 1, "content_type": 15, "object_id": "50", "object_repr": "2026042511082950", "action_flag": 3, "change_message": ""}}, {"model": "admin.logentry", "pk": 109, "fields": {"action_time": "2026-04-28T11:31:44.723Z", "user": 1, "content_type": 15, "object_id": "49", "object_repr": "2026042511073349", "action_flag": 3, "change_message": ""}}, {"model": "admin.logentry", "pk": 110, "fields": {"action_time": "2026-04-28T11:31:44.723Z", "user": 1, "content_type": 15, "object_id": "48", "object_repr": "2026042511072648", "action_flag": 3, "change_message": ""}}, {"model": "admin.logentry", "pk": 111, "fields": {"action_time": "2026-04-28T11:31:44.723Z", "user": 1, "content_type": 15, "object_id": "47", "object_repr": "2026042511050347", "action_flag": 3, "change_message": ""}}, {"model": "admin.logentry", "pk": 112, "fields": {"action_time": "2026-04-28T11:31:44.723Z", "user": 1, "content_type": 15, "object_id": "46", "object_repr": "2026042502595746", "action_flag": 3, "change_message": ""}}, {"model": "admin.logentry", "pk": 113, "fields": {"action_time": "2026-04-28T11:31:44.723Z", "user": 1, "content_type": 15, "object_id": "45", "object_repr": "2026042502503645", "action_flag": 3, "change_message": ""}}, {"model": "admin.logentry", "pk": 114, "fields": {"action_time": "2026-04-28T11:31:44.723Z", "user": 1, "content_type": 15, "object_id": "44", "object_repr": "2026042502455144", "action_flag": 3, "change_message": ""}}, {"model": "admin.logentry", "pk": 115, "fields": {"action_time": "2026-04-28T11:31:44.723Z", "user": 1, "content_type": 15, "object_id": "43", "object_repr": "2026042502310043", "action_flag": 3, "change_message": ""}}, {"model": "admin.logentry", "pk": 116, "fields": {"action_time": "2026-04-28T11:31:44.723Z", "user": 1, "content_type": 15, "object_id": "42", "object_repr": "2026042501593742", "action_flag": 3, "change_message": ""}}, {"model": "admin.logentry", "pk": 117, "fields": {"action_time": "2026-04-28T11:31:44.723Z", "user": 1, "content_type": 15, "object_id": "41", "object_repr": "2026042501582641", "action_flag": 3, "change_message": ""}}, {"model": "admin.logentry", "pk": 118, "fields": {"action_time": "2026-04-28T11:31:44.723Z", "user": 1, "content_type": 15, "object_id": "40", "object_repr": "2026042501502440", "action_flag": 3, "change_message": ""}}, {"model": "admin.logentry", "pk": 119, "fields": {"action_time": "2026-04-28T11:31:44.723Z", "user": 1, "content_type": 15, "object_id": "39", "object_repr": "2026042501410539", "action_flag": 3, "change_message": ""}}, {"model": "admin.logentry", "pk": 120, "fields": {"action_time": "2026-04-28T11:31:44.723Z", "user": 1, "content_type": 15, "object_id": "38", "object_repr": "2026042501401538", "action_flag": 3, "change_message": ""}}, {"model": "admin.logentry", "pk": 121, "fields": {"action_time": "2026-04-28T11:31:44.723Z", "user": 1, "content_type": 15, "object_id": "37", "object_repr": "2026042501340537", "action_flag": 3, "change_message": ""}}, {"model": "admin.logentry", "pk": 122, "fields": {"action_time": "2026-04-28T11:31:44.723Z", "user": 1, "content_type": 15, "object_id": "36", "object_repr": "2026042500034236", "action_flag": 3, "change_message": ""}}, {"model": "admin.logentry", "pk": 123, "fields": {"action_time": "2026-04-28T11:31:44.723Z", "user": 1, "content_type": 15, "object_id": "35", "object_repr": "2026042418295935", "action_flag": 3, "change_message": ""}}, {"model": "admin.logentry", "pk": 124, "fields": {"action_time": "2026-04-28T11:31:44.723Z", "user": 1, "content_type": 15, "object_id": "34", "object_repr": "2026042418292434", "action_flag": 3, "change_message": ""}}, {"model": "admin.logentry", "pk": 125, "fields": {"action_time": "2026-04-28T11:31:44.723Z", "user": 1, "content_type": 15, "object_id": "33", "object_repr": "2026042417535533", "action_flag": 3, "change_message": ""}}, {"model": "admin.logentry", "pk": 126, "fields": {"action_time": "2026-04-28T11:31:44.723Z", "user": 1, "content_type": 15, "object_id": "32", "object_repr": "2026042416522332", "action_flag": 3, "change_message": ""}}, {"model": "admin.logentry", "pk": 127, "fields": {"action_time": "2026-04-28T11:31:44.723Z", "user": 1, "content_type": 15, "object_id": "31", "object_repr": "2026042416340631", "action_flag": 3, "change_message": ""}}, {"model": "admin.logentry", "pk": 128, "fields": {"action_time": "2026-04-28T11:31:44.723Z", "user": 1, "content_type": 15, "object_id": "30", "object_repr": "2026042415430330", "action_flag": 3, "change_message": ""}}, {"model": "admin.logentry", "pk": 129, "fields": {"action_time": "2026-04-28T11:31:44.723Z", "user": 1, "content_type": 15, "object_id": "29", "object_repr": "2026042415402129", "action_flag": 3, "change_message": ""}}, {"model": "admin.logentry", "pk": 130, "fields": {"action_time": "2026-04-28T11:31:44.723Z", "user": 1, "content_type": 15, "object_id": "28", "object_repr": "2026042322513828", "action_flag": 3, "change_message": ""}}, {"model": "admin.logentry", "pk": 131, "fields": {"action_time": "2026-04-28T11:31:44.723Z", "user": 1, "content_type": 15, "object_id": "27", "object_repr": "2026042314191627", "action_flag": 3, "change_message": ""}}, {"model": "admin.logentry", "pk": 132, "fields": {"action_time": "2026-04-28T11:31:44.723Z", "user": 1, "content_type": 15, "object_id": "26", "object_repr": "2026042312592226", "action_flag": 3, "change_message": ""}}, {"model": "admin.logentry", "pk": 133, "fields": {"action_time": "2026-04-28T11:31:44.723Z", "user": 1, "content_type": 15, "object_id": "25", "object_repr": "2026042303202825", "action_flag": 3, "change_message": ""}}, {"model": "admin.logentry", "pk": 134, "fields": {"action_time": "2026-04-28T11:31:44.723Z", "user": 1, "content_type": 15, "object_id": "24", "object_repr": "2026042303165924", "action_flag": 3, "change_message": ""}}, {"model": "admin.logentry", "pk": 135, "fields": {"action_time": "2026-04-28T11:31:44.723Z", "user": 1, "content_type": 15, "object_id": "23", "object_repr": "2026042303150623", "action_flag": 3, "change_message": ""}}, {"model": "admin.logentry", "pk": 136, "fields": {"action_time": "2026-04-28T11:31:44.723Z", "user": 1, "content_type": 15, "object_id": "22", "object_repr": "2026042303145522", "action_flag": 3, "change_message": ""}}, {"model": "admin.logentry", "pk": 137, "fields": {"action_time": "2026-04-28T11:31:44.723Z", "user": 1, "content_type": 15, "object_id": "21", "object_repr": "2026042303144821", "action_flag": 3, "change_message": ""}}, {"model": "admin.logentry", "pk": 138, "fields": {"action_time": "2026-04-28T11:31:44.723Z", "user": 1, "content_type": 15, "object_id": "20", "object_repr": "2026042303080520", "action_flag": 3, "change_message": ""}}, {"model": "admin.logentry", "pk": 139, "fields": {"action_time": "2026-04-28T11:31:44.723Z", "user": 1, "content_type": 15, "object_id": "19", "object_repr": "2026042303043519", "action_flag": 3, "change_message": ""}}, {"model": "admin.logentry", "pk": 140, "fields": {"action_time": "2026-04-28T11:31:44.723Z", "user": 1, "content_type": 15, "object_id": "18", "object_repr": "2026042303020018", "action_flag": 3, "change_message": ""}}, {"model": "admin.logentry", "pk": 141, "fields": {"action_time": "2026-04-28T11:31:44.723Z", "user": 1, "content_type": 15, "object_id": "17", "object_repr": "2026042303014817", "action_flag": 3, "change_message": ""}}, {"model": "admin.logentry", "pk": 142, "fields": {"action_time": "2026-04-28T11:31:44.723Z", "user": 1, "content_type": 15, "object_id": "16", "object_repr": "2026042302595816", "action_flag": 3, "change_message": ""}}, {"model": "admin.logentry", "pk": 143, "fields": {"action_time": "2026-04-28T11:31:44.723Z", "user": 1, "content_type": 15, "object_id": "15", "object_repr": "2026042302594515", "action_flag": 3, "change_message": ""}}, {"model": "admin.logentry", "pk": 144, "fields": {"action_time": "2026-04-28T11:31:44.723Z", "user": 1, "content_type": 15, "object_id": "14", "object_repr": "2026042302590014", "action_flag": 3, "change_message": ""}}, {"model": "admin.logentry", "pk": 145, "fields": {"action_time": "2026-04-28T11:31:44.723Z", "user": 1, "content_type": 15, "object_id": "13", "object_repr": "2026042302544113", "action_flag": 3, "change_message": ""}}, {"model": "admin.logentry", "pk": 146, "fields": {"action_time": "2026-04-28T11:31:44.723Z", "user": 1, "content_type": 15, "object_id": "12", "object_repr": "2026042302531212", "action_flag": 3, "change_message": ""}}, {"model": "admin.logentry", "pk": 147, "fields": {"action_time": "2026-04-28T11:31:44.724Z", "user": 1, "content_type": 15, "object_id": "11", "object_repr": "2026042302530211", "action_flag": 3, "change_message": ""}}, {"model": "admin.logentry", "pk": 148, "fields": {"action_time": "2026-04-28T11:31:44.724Z", "user": 1, "content_type": 15, "object_id": "10", "object_repr": "2026042302510310", "action_flag": 3, "change_message": ""}}, {"model": "admin.logentry", "pk": 149, "fields": {"action_time": "2026-04-28T11:31:44.724Z", "user": 1, "content_type": 15, "object_id": "9", "object_repr": "202604230250389", "action_flag": 3, "change_message": ""}}, {"model": "admin.logentry", "pk": 150, "fields": {"action_time": "2026-04-28T11:31:44.724Z", "user": 1, "content_type": 15, "object_id": "8", "object_repr": "202604230219118", "action_flag": 3, "change_message": ""}}, {"model": "admin.logentry", "pk": 151, "fields": {"action_time": "2026-04-28T11:31:44.724Z", "user": 1, "content_type": 15, "object_id": "7", "object_repr": "202604230054507", "action_flag": 3, "change_message": ""}}, {"model": "admin.logentry", "pk": 152, "fields": {"action_time": "2026-04-28T11:31:44.724Z", "user": 1, "content_type": 15, "object_id": "6", "object_repr": "202604221624336", "action_flag": 3, "change_message": ""}}, {"model": "admin.logentry", "pk": 153, "fields": {"action_time": "2026-04-28T11:31:44.724Z", "user": 1, "content_type": 15, "object_id": "5", "object_repr": "202604221559315", "action_flag": 3, "change_message": ""}}, {"model": "admin.logentry", "pk": 154, "fields": {"action_time": "2026-04-28T11:31:44.724Z", "user": 1, "content_type": 15, "object_id": "4", "object_repr": "202604221011444", "action_flag": 3, "change_message": ""}}, {"model": "admin.logentry", "pk": 155, "fields": {"action_time": "2026-04-28T11:31:44.724Z", "user": 1, "content_type": 15, "object_id": "3", "object_repr": "202604220007403", "action_flag": 3, "change_message": ""}}, {"model": "admin.logentry", "pk": 156, "fields": {"action_time": "2026-04-28T11:31:44.724Z", "user": 1, "content_type": 15, "object_id": "2", "object_repr": "202604210235222", "action_flag": 3, "change_message": ""}}, {"model": "admin.logentry", "pk": 157, "fields": {"action_time": "2026-04-28T11:31:44.724Z", "user": 1, "content_type": 15, "object_id": "1", "object_repr": "123", "action_flag": 3, "change_message": ""}}, {"model": "admin.logentry", "pk": 158, "fields": {"action_time": "2026-04-28T11:38:42.616Z", "user": 1, "content_type": 15, "object_id": "70", "object_repr": "12345657", "action_flag": 1, "change_message": "[{\"added\": {}}]"}}, {"model": "admin.logentry", "pk": 159, "fields": {"action_time": "2026-04-28T11:41:48.685Z", "user": 1, "content_type": 15, "object_id": "71", "object_repr": "415268", "action_flag": 1, "change_message": "[{\"added\": {}}]"}}, {"model": "admin.logentry", "pk": 160, "fields": {"action_time": "2026-04-28T11:45:31.071Z", "user": 1, "content_type": 15, "object_id": "72", "object_repr": "457816", "action_flag": 1, "change_message": "[{\"added\": {}}]"}}, {"model": "auth.permission", "pk": 1, "fields": {"name": "Can add log entry", "content_type": 1, "codename": "add_logentry"}}, {"model": "auth.permission", "pk": 2, "fields": {"name": "Can change log entry", "content_type": 1, "codename": "change_logentry"}}, {"model": "auth.permission", "pk": 3, "fields": {"name": "Can delete log entry", "content_type": 1, "codename": "delete_logentry"}}, {"model": "auth.permission", "pk": 4, "fields": {"name": "Can view log entry", "content_type": 1, "codename": "view_logentry"}}, {"model": "auth.permission", "pk": 5, "fields": {"name": "Can add permission", "content_type": 2, "codename": "add_permission"}}, {"model": "auth.permission", "pk": 6, "fields": {"name": "Can change permission", "content_type": 2, "codename": "change_permission"}}, {"model": "auth.permission", "pk": 7, "fields": {"name": "Can delete permission", "content_type": 2, "codename": "delete_permission"}}, {"model": "auth.permission", "pk": 8, "fields": {"name": "Can view permission", "content_type": 2, "codename": "view_permission"}}, {"model": "auth.permission", "pk": 9, "fields": {"name": "Can add group", "content_type": 3, "codename": "add_group"}}, {"model": "auth.permission", "pk": 10, "fields": {"name": "Can change group", "content_type": 3, "codename": "change_group"}}, {"model": "auth.permission", "pk": 11, "fields": {"name": "Can delete group", "content_type": 3, "codename": "delete_group"}}, {"model": "auth.permission", "pk": 12, "fields": {"name": "Can view group", "content_type": 3, "codename": "view_group"}}, {"model": "auth.permission", "pk": 13, "fields": {"name": "Can add content type", "content_type": 4, "codename": "add_contenttype"}}, {"model": "auth.permission", "pk": 14, "fields": {"name": "Can change content type", "content_type": 4, "codename": "change_contenttype"}}, {"model": "auth.permission", "pk": 15, "fields": {"name": "Can delete content type", "content_type": 4, "codename": "delete_contenttype"}}, {"model": "auth.permission", "pk": 16, "fields": {"name": "Can view content type", "content_type": 4, "codename": "view_contenttype"}}, {"model": "auth.permission", "pk": 17, "fields": {"name": "Can add session", "content_type": 5, "codename": "add_session"}}, {"model": "auth.permission", "pk": 18, "fields": {"name": "Can change session", "content_type": 5, "codename": "change_session"}}, {"model": "auth.permission", "pk": 19, "fields": {"name": "Can delete session", "content_type": 5, "codename": "delete_session"}}, {"model": "auth.permission", "pk": 20, "fields": {"name": "Can view session", "content_type": 5, "codename": "view_session"}}, {"model": "auth.permission", "pk": 21, "fields": {"name": "Can add user", "content_type": 6, "codename": "add_user"}}, {"model": "auth.permission", "pk": 22, "fields": {"name": "Can change user", "content_type": 6, "codename": "change_user"}}, {"model": "auth.permission", "pk": 23, "fields": {"name": "Can delete user", "content_type": 6, "codename": "delete_user"}}, {"model": "auth.permission", "pk": 24, "fields": {"name": "Can view user", "content_type": 6, "codename": "view_user"}}, {"model": "auth.permission", "pk": 25, "fields": {"name": "Can add user profile", "content_type": 7, "codename": "add_userprofile"}}, {"model": "auth.permission", "pk": 26, "fields": {"name": "Can change user profile", "content_type": 7, "codename": "change_userprofile"}}, {"model": "auth.permission", "pk": 27, "fields": {"name": "Can delete user profile", "content_type": 7, "codename": "delete_userprofile"}}, {"model": "auth.permission", "pk": 28, "fields": {"name": "Can view user profile", "content_type": 7, "codename": "view_userprofile"}}, {"model": "auth.permission", "pk": 29, "fields": {"name": "Can add vendor", "content_type": 8, "codename": "add_vendor"}}, {"model": "auth.permission", "pk": 30, "fields": {"name": "Can change vendor", "content_type": 8, "codename": "change_vendor"}}, {"model": "auth.permission", "pk": 31, "fields": {"name": "Can delete vendor", "content_type": 8, "codename": "delete_vendor"}}, {"model": "auth.permission", "pk": 32, "fields": {"name": "Can view vendor", "content_type": 8, "codename": "view_vendor"}}, {"model": "auth.permission", "pk": 33, "fields": {"name": "Can add category", "content_type": 9, "codename": "add_category"}}, {"model": "auth.permission", "pk": 34, "fields": {"name": "Can change category", "content_type": 9, "codename": "change_category"}}, {"model": "auth.permission", "pk": 35, "fields": {"name": "Can delete category", "content_type": 9, "codename": "delete_category"}}, {"model": "auth.permission", "pk": 36, "fields": {"name": "Can view category", "content_type": 9, "codename": "view_category"}}, {"model": "auth.permission", "pk": 37, "fields": {"name": "Can add food item", "content_type": 10, "codename": "add_fooditem"}}, {"model": "auth.permission", "pk": 38, "fields": {"name": "Can change food item", "content_type": 10, "codename": "change_fooditem"}}, {"model": "auth.permission", "pk": 39, "fields": {"name": "Can delete food item", "content_type": 10, "codename": "delete_fooditem"}}, {"model": "auth.permission", "pk": 40, "fields": {"name": "Can view food item", "content_type": 10, "codename": "view_fooditem"}}, {"model": "auth.permission", "pk": 41, "fields": {"name": "Can add cart", "content_type": 11, "codename": "add_cart"}}, {"model": "auth.permission", "pk": 42, "fields": {"name": "Can change cart", "content_type": 11, "codename": "change_cart"}}, {"model": "auth.permission", "pk": 43, "fields": {"name": "Can delete cart", "content_type": 11, "codename": "delete_cart"}}, {"model": "auth.permission", "pk": 44, "fields": {"name": "Can view cart", "content_type": 11, "codename": "view_cart"}}, {"model": "auth.permission", "pk": 45, "fields": {"name": "Can add opening hour", "content_type": 12, "codename": "add_openinghour"}}, {"model": "auth.permission", "pk": 46, "fields": {"name": "Can change opening hour", "content_type": 12, "codename": "change_openinghour"}}, {"model": "auth.permission", "pk": 47, "fields": {"name": "Can delete opening hour", "content_type": 12, "codename": "delete_openinghour"}}, {"model": "auth.permission", "pk": 48, "fields": {"name": "Can view opening hour", "content_type": 12, "codename": "view_openinghour"}}, {"model": "auth.permission", "pk": 49, "fields": {"name": "Can add tax", "content_type": 13, "codename": "add_tax"}}, {"model": "auth.permission", "pk": 50, "fields": {"name": "Can change tax", "content_type": 13, "codename": "change_tax"}}, {"model": "auth.permission", "pk": 51, "fields": {"name": "Can delete tax", "content_type": 13, "codename": "delete_tax"}}, {"model": "auth.permission", "pk": 52, "fields": {"name": "Can view tax", "content_type": 13, "codename": "view_tax"}}, {"model": "auth.permission", "pk": 53, "fields": {"name": "Can add payment", "content_type": 14, "codename": "add_payment"}}, {"model": "auth.permission", "pk": 54, "fields": {"name": "Can change payment", "content_type": 14, "codename": "change_payment"}}, {"model": "auth.permission", "pk": 55, "fields": {"name": "Can delete payment", "content_type": 14, "codename": "delete_payment"}}, {"model": "auth.permission", "pk": 56, "fields": {"name": "Can view payment", "content_type": 14, "codename": "view_payment"}}, {"model": "auth.permission", "pk": 57, "fields": {"name": "Can add order", "content_type": 15, "codename": "add_order"}}, {"model": "auth.permission", "pk": 58, "fields": {"name": "Can change order", "content_type": 15, "codename": "change_order"}}, {"model": "auth.permission", "pk": 59, "fields": {"name": "Can delete order", "content_type": 15, "codename": "delete_order"}}, {"model": "auth.permission", "pk": 60, "fields": {"name": "Can view order", "content_type": 15, "codename": "view_order"}}, {"model": "auth.permission", "pk": 61, "fields": {"name": "Can add ordered food", "content_type": 16, "codename": "add_orderedfood"}}, {"model": "auth.permission", "pk": 62, "fields": {"name": "Can change ordered food", "content_type": 16, "codename": "change_orderedfood"}}, {"model": "auth.permission", "pk": 63, "fields": {"name": "Can delete ordered food", "content_type": 16, "codename": "delete_orderedfood"}}, {"model": "auth.permission", "pk": 64, "fields": {"name": "Can view ordered food", "content_type": 16, "codename": "view_orderedfood"}}, {"model": "contenttypes.contenttype", "pk": 1, "fields": {"app_label": "admin", "model": "logentry"}}, {"model": "contenttypes.contenttype", "pk": 2, "fields": {"app_label": "auth", "model": "permission"}}, {"model": "contenttypes.contenttype", "pk": 3, "fields": {"app_label": "auth", "model": "group"}}, {"model": "contenttypes.contenttype", "pk": 4, "fields": {"app_label": "contenttypes", "model": "contenttype"}}, {"model": "contenttypes.contenttype", "pk": 5, "fields": {"app_label": "sessions", "model": "session"}}, {"model": "contenttypes.contenttype", "pk": 6, "fields": {"app_label": "accounts", "model": "user"}}, {"model": "contenttypes.contenttype", "pk": 7, "fields": {"app_label": "accounts", "model": "userprofile"}}, {"model": "contenttypes.contenttype", "pk": 8, "fields": {"app_label": "vendor", "model": "vendor"}}, {"model": "contenttypes.contenttype", "pk": 9, "fields": {"app_label": "menu", "model": "category"}}, {"model": "contenttypes.contenttype", "pk": 10, "fields": {"app_label": "menu", "model": "fooditem"}}, {"model": "contenttypes.contenttype", "pk": 11, "fields": {"app_label": "marketplace", "model": "cart"}}, {"model": "contenttypes.contenttype", "pk": 12, "fields": {"app_label": "vendor", "model": "openinghour"}}, {"model": "contenttypes.contenttype", "pk": 13, "fields": {"app_label": "marketplace", "model": "tax"}}, {"model": "contenttypes.contenttype", "pk": 14, "fields": {"app_label": "orders", "model": "payment"}}, {"model": "contenttypes.contenttype", "pk": 15, "fields": {"app_label": "orders", "model": "order"}}, {"model": "contenttypes.contenttype", "pk": 16, "fields": {"app_label": "orders", "model": "orderedfood"}}, {"model": "sessions.session", "pk": "1hi2li24nzegnl1cxppmrj04hxhodkt7", "fields": {"session_data": ".eJxVjDsOwyAQBe9CHSEM5pcyvc-AFnYJTiKQjF1FuXtsyUXSvpl5bxZgW0vYOi1hRnZlA7v8bhHSk-oB8AH13nhqdV3myA-Fn7TzqSG9bqf7d1Cgl72OVnurSGpIkUggRBSGxkQuCzOAR9RCGj9m1FIplJ6E9cblbGXckWOfLwC9OD4:1wEXoo:2iucDizqKpFsurYlDl8F_3mZmQfWnLD0GP6tce8TY3g", "expire_date": "2026-05-03T19:28:34.244Z"}}, {"model": "sessions.session", "pk": "1iic6ftt7q21tzsfadxnpbpss5m1x2wp", "fields": {"session_data": ".eJxVjDsOwyAQBe9CHSEM5pcyvc-AFnYJTiKQjF1FuXtsyUXSvpl5bxZgW0vYOi1hRnZlA7v8bhHSk-oB8AH13nhqdV3myA-Fn7TzqSG9bqf7d1Cgl72OVnurSGpIkUggRBSGxkQuCzOAR9RCGj9m1FIplJ6E9cblbGXckWOfLwC9OD4:1wIK7q:TWB5h3cVGEnC5tR28i76xexUhUdhRS8ZzJYlU8aIIB0", "expire_date": "2026-05-14T05:39:50.263Z"}}, {"model": "sessions.session", "pk": "3yimp5sg4204xojua7u3nm210fppfudo", "fields": {"session_data": ".eJxVjDsOwyAQBe9CHSEM5pcyvc-AFnYJTiKQjF1FuXtsyUXSvpl5bxZgW0vYOi1hRnZlA7v8bhHSk-oB8AH13nhqdV3myA-Fn7TzqSG9bqf7d1Cgl72OVnurSGpIkUggRBSGxkQuCzOAR9RCGj9m1FIplJ6E9cblbGXckWOfLwC9OD4:1wES5d:AC2DeKoFMNwcEGNC7vq-r2inuH7u9mObtkrL_m5kLO4", "expire_date": "2026-05-03T13:21:33.259Z"}}, {"model": "sessions.session", "pk": "6qn1gr6fml0k3k2g14brhk6sdcpxm0fy", "fields": {"session_data": ".eJxVjDsOwyAQBe9CHSEM5pcyvc-AFnYJTiKQjF1FuXtsyUXSvpl5bxZgW0vYOi1hRnZlA7v8bhHSk-oB8AH13nhqdV3myA-Fn7TzqSG9bqf7d1Cgl72OVnurSGpIkUggRBSGxkQuCzOAR9RCGj9m1FIplJ6E9cblbGXckWOfLwC9OD4:1wHwJP:SqgK9SAWALXU1giX4T4fyW874fAOgtOrbBNlXfXRxFc", "expire_date": "2026-05-13T04:14:11.894Z"}}, {"model": "sessions.session", "pk": "cd22ty4q6zee7otxd9pp159z8g3o39mt", "fields": {"session_data": ".eJxVjDsOwyAQBe9CHSEM5pcyvc-AFnYJTiKQjF1FuXtsyUXSvpl5bxZgW0vYOi1hRnZlA7v8bhHSk-oB8AH13nhqdV3myA-Fn7TzqSG9bqf7d1Cgl72OVnurSGpIkUggRBSGxkQuCzOAR9RCGj9m1FIplJ6E9cblbGXckWOfLwC9OD4:1wFpcA:T6lnWSyVQtrmW5iTsG12sKrCj6KD5RynWyMo6IN7nsc", "expire_date": "2026-05-07T08:40:50.009Z"}}, {"model": "sessions.session", "pk": "deeerq2uifl3vv0oqoa6507uv3j3paq7", "fields": {"session_data": ".eJxVjDsOwyAQBe9CHSEM5pcyvc-AFnYJTiKQjF1FuXtsyUXSvpl5bxZgW0vYOi1hRnZlA7v8bhHSk-oB8AH13nhqdV3myA-Fn7TzqSG9bqf7d1Cgl72OVnurSGpIkUggRBSGxkQuCzOAR9RCGj9m1FIplJ6E9cblbGXckWOfLwC9OD4:1wH4uH:abte0nVDdnUWHzqyPmkv9IL1q6fjzpAHmfjvO7csxK0", "expire_date": "2026-05-10T19:12:41.023Z"}}, {"model": "sessions.session", "pk": "hqz0r1765kc0wnyuzjo8vpbd0dn7zeyh", "fields": {"session_data": ".eJxVjDsOwyAQBe9CHSEM5pcyvc-AFnYJTiKQjF1FuXtsyUXSvpl5bxZgW0vYOi1hRnZlA7v8bhHSk-oB8AH13nhqdV3myA-Fn7TzqSG9bqf7d1Cgl72OVnurSGpIkUggRBSGxkQuCzOAR9RCGj9m1FIplJ6E9cblbGXckWOfLwC9OD4:1wEvEZ:w2jCdElGo1EoBQKK1apHQISctbIF140hWNZMRUvx0LY", "expire_date": "2026-05-04T20:28:43.887Z"}}, {"model": "sessions.session", "pk": "i7mf2hngq3m0263i92a2ru0w8ul00cvp", "fields": {"session_data": ".eJxVjDsOwyAQBe9CHSEM5pcyvc-AFnYJTiKQjF1FuXtsyUXSvpl5bxZgW0vYOi1hRnZlA7v8bhHSk-oB8AH13nhqdV3myA-Fn7TzqSG9bqf7d1Cgl72OVnurSGpIkUggRBSGxkQuCzOAR9RCGj9m1FIplJ6E9cblbGXckWOfLwC9OD4:1wFpmD:LjWBnOD0U6y7_aUBxyuF0wICuNZtJCLrSuzrj8tso9k", "expire_date": "2026-05-07T08:51:13.615Z"}}, {"model": "sessions.session", "pk": "kfjktukuf5z4ds74k5ab8krma8hsibqp", "fields": {"session_data": ".eJxVjDsOwyAQBe9CHSEM5pcyvc-AFnYJTiKQjF1FuXtsyUXSvpl5bxZgW0vYOi1hRnZlA7v8bhHSk-oB8AH13nhqdV3myA-Fn7TzqSG9bqf7d1Cgl72OVnurSGpIkUggRBSGxkQuCzOAR9RCGj9m1FIplJ6E9cblbGXckWOfLwC9OD4:1wHgOT:MD79lQFr4kmvbYIkpoVktsqRVZDwXNz4P2TUpggpylY", "expire_date": "2026-05-12T11:14:21.407Z"}}, {"model": "sessions.session", "pk": "nxp4ypbhtqw20linea9isvk1awc7o7pq", "fields": {"session_data": ".eJxVjDsOwyAQBe9CHSEM5pcyvc-AFnYJTiKQjF1FuXtsyUXSvpl5bxZgW0vYOi1hRnZlA7v8bhHSk-oB8AH13nhqdV3myA-Fn7TzqSG9bqf7d1Cgl72OVnurSGpIkUggRBSGxkQuCzOAR9RCGj9m1FIplJ6E9cblbGXckWOfLwC9OD4:1w4Eyw:nXFnqyeH_3s4uc8YLDHaaLp78NSBTphhTM7psOMiTRo", "expire_date": "2026-04-05T09:20:26.292Z"}}, {"model": "sessions.session", "pk": "oj1mg0b1vysk73yt2zx0juzi83f59jbb", "fields": {"session_data": ".eJxVjDsOwyAQBe9CHSEM5pcyvc-AFnYJTiKQjF1FuXtsyUXSvpl5bxZgW0vYOi1hRnZlA7v8bhHSk-oB8AH13nhqdV3myA-Fn7TzqSG9bqf7d1Cgl72OVnurSGpIkUggRBSGxkQuCzOAR9RCGj9m1FIplJ6E9cblbGXckWOfLwC9OD4:1wESHE:knTxuQt-nuz76VqDybIkaKQt0zzqezupr8OW8fAW-a8", "expire_date": "2026-05-03T13:33:32.375Z"}}, {"model": "sessions.session", "pk": "p374ub0q66nrcth7kxpm31ipekoiawd9", "fields": {"session_data": ".eJxVjDsOwyAQBe9CHSEM5pcyvc-AFnYJTiKQjF1FuXtsyUXSvpl5bxZgW0vYOi1hRnZlA7v8bhHSk-oB8AH13nhqdV3myA-Fn7TzqSG9bqf7d1Cgl72OVnurSGpIkUggRBSGxkQuCzOAR9RCGj9m1FIplJ6E9cblbGXckWOfLwC9OD4:1uic5Z:aXVwEnYFqIei_KW91OdFSfHLqUXpNQQBOzN9q7YYYpQ", "expire_date": "2025-08-17T17:01:37.104Z"}}, {"model": "sessions.session", "pk": "wtez7bdn10bvbhdamujorkf1wl3om0id", "fields": {"session_data": ".eJxVjDsOwyAQBe9CHSEM5pcyvc-AFnYJTiKQjF1FuXtsyUXSvpl5bxZgW0vYOi1hRnZlA7v8bhHSk-oB8AH13nhqdV3myA-Fn7TzqSG9bqf7d1Cgl72OVnurSGpIkUggRBSGxkQuCzOAR9RCGj9m1FIplJ6E9cblbGXckWOfLwC9OD4:1wIBop:uO0Ol7osVpwUg6IVBJb_l-9Z5q_R5QsfodUL6yQH8X0", "expire_date": "2026-05-13T20:47:39.577Z"}}, {"model": "sessions.session", "pk": "zukygekptvt6yxmxkdmas71iig5tpcut", "fields": {"session_data": ".eJxVjDsOwyAQBe9CHSEM5pcyvc-AFnYJTiKQjF1FuXtsyUXSvpl5bxZgW0vYOi1hRnZlA7v8bhHSk-oB8AH13nhqdV3myA-Fn7TzqSG9bqf7d1Cgl72OVnurSGpIkUggRBSGxkQuCzOAR9RCGj9m1FIplJ6E9cblbGXckWOfLwC9OD4:1wFxgI:SlcIsohxNSAwA5WBPAECDw76w7l9SoAgLANLa-Hz1N4", "expire_date": "2026-05-07T17:17:38.714Z"}}, {"model": "accounts.user", "pk": 1, "fields": {"password": "pbkdf2_sha256$1000000$WpxzKWHldzJxq12YZpi0IL$/MEKKOncWk70a6WEs3SzFhGPRADmFl6oUYtPlMOid08=", "first_name": "Anurup", "last_name": "Biswal", "username": "anurup1", "email": "anuruprocks@gmail.com", "phone_number": "", "role": null, "date_joined": "2025-08-03T16:59:59.420Z", "last_login": "2026-04-30T05:39:50.239Z", "created_date": "2025-08-03T16:59:59.420Z", "modified_date": "2025-08-06T06:34:46.238Z", "is_admin": true, "is_staff": true, "is_active": true, "is_superadmin": true}}, {"model": "accounts.user", "pk": 9, "fields": {"password": "pbkdf2_sha256$1000000$9gFOuK9hXDPsmdVGhOtIw1$wlf9Q3RDsiW69IFMYJQp3TPQHcANeU0cdTpTjraGSaE=", "first_name": "Aditya", "last_name": "Pancholi", "username": "aditya", "email": "aditya44@gmail.com", "phone_number": "", "role": 1, "date_joined": "2026-02-14T21:36:43.378Z", "last_login": "2026-05-11T12:40:47.921Z", "created_date": "2026-02-14T21:36:43.378Z", "modified_date": "2026-02-17T09:04:38.524Z", "is_admin": false, "is_staff": false, "is_active": true, "is_superadmin": false}}, {"model": "accounts.user", "pk": 10, "fields": {"password": "pbkdf2_sha256$1000000$groxGkjC9m0YyIo7cOW8rC$sV44Axb/U7hZq87Qsbz9SHYGnRdPGC5uveuFB/rmFXE=", "first_name": "Alok", "last_name": "Das", "username": "Lily", "email": "lily78@gmail.com", "phone_number": "8844556633", "role": 2, "date_joined": "2026-02-17T14:29:21.485Z", "last_login": "2026-05-11T12:39:45.902Z", "created_date": "2026-02-17T14:29:21.485Z", "modified_date": "2026-04-19T14:31:50.170Z", "is_admin": false, "is_staff": false, "is_active": true, "is_superadmin": false}}, {"model": "accounts.user", "pk": 11, "fields": {"password": "pbkdf2_sha256$1000000$VWwzj6hfxsVLmE91y5pZTq$qmCe9XRYBawoRXBh7kfJ9y3FcLHC+2qUOfkLzkamXEw=", "first_name": "Aman", "last_name": "Das", "username": "Utkal", "email": "anurupbiswal@gmail.com", "phone_number": "", "role": 1, "date_joined": "2026-02-22T18:12:03.048Z", "last_login": "2026-04-17T19:15:26.923Z", "created_date": "2026-02-22T18:12:03.048Z", "modified_date": "2026-02-23T06:42:02.929Z", "is_admin": false, "is_staff": false, "is_active": true, "is_superadmin": false}}, {"model": "accounts.user", "pk": 12, "fields": {"password": "pbkdf2_sha256$1000000$EYh1SLWPAg5ehjFL0BBeGh$1dHa+vij12vFeQF1lezKWroH4PSu8olq/M+Lq8qcJJI=", "first_name": "Alok", "last_name": "Sharma", "username": "Alok", "email": "aodisha90@gmail.com", "phone_number": "", "role": 1, "date_joined": "2026-03-16T05:18:12.470Z", "last_login": "2026-04-17T19:32:37.932Z", "created_date": "2026-03-16T05:18:12.470Z", "modified_date": "2026-03-31T18:19:06.519Z", "is_admin": false, "is_staff": false, "is_active": true, "is_superadmin": false}}, {"model": "accounts.user", "pk": 16, "fields": {"password": "pbkdf2_sha256$1000000$vFNsCiCD30A4cMekfzNIqJ$7O2VYZ4Po8dCmq2vZUfv6NfFzjyFdd2QMYNtksQa33I=", "first_name": "Diya", "last_name": "Lenka", "username": "Diya", "email": "diya55@gmail.com", "phone_number": "", "role": 1, "date_joined": "2026-03-31T19:53:39.980Z", "last_login": "2026-04-17T19:04:08.877Z", "created_date": "2026-03-31T19:53:39.981Z", "modified_date": "2026-03-31T19:55:13.054Z", "is_admin": false, "is_staff": false, "is_active": true, "is_superadmin": false}}, {"model": "accounts.userprofile", "pk": 8, "fields": {"user": 1, "profile_picture": "", "cover_photo": "", "address": null, "country": null, "state": null, "city": null, "pin_code": null, "latitude": null, "longitude": null, "location": null, "created_at": "2026-02-11T18:52:37.179Z", "modified_at": "2026-04-30T05:39:50.258Z"}}, {"model": "accounts.userprofile", "pk": 9, "fields": {"user": 9, "profile_picture": "users/profile_pictures/profile-picture-3_PFtc5my.PNG", "cover_photo": "users/cover_photos/cover-photo-3.PNG", "address": "Marathahalli, Bengaluru, Karnataka, India", "country": "India", "state": "Karnataka", "city": "Bengaluru", "pin_code": "560037", "latitude": "12.956924", "longitude": "77.701127", "location": "SRID=4326;POINT (77.701127 12.956924)", "created_at": "2026-02-14T21:36:43.417Z", "modified_at": "2026-05-11T12:40:47.938Z"}}, {"model": "accounts.userprofile", "pk": 10, "fields": {"user": 10, "profile_picture": "users/profile_pictures/WhatsApp_Image_2024-05-12_at_12.01.58_PM.jpeg", "cover_photo": "users/cover_photos/cover-photo-2_NGWT2IZ.PNG", "address": "Bellandur, Bengaluru, Karnataka, India", "country": "India", "state": "Karnataka", "city": "Bengaluru", "pin_code": "560032", "latitude": "12.9304278", "longitude": "77.678404", "location": "SRID=4326;POINT (77.678404 12.9304278)", "created_at": "2026-02-17T14:29:21.507Z", "modified_at": "2026-05-11T12:39:45.933Z"}}, {"model": "accounts.userprofile", "pk": 11, "fields": {"user": 11, "profile_picture": "users/profile_pictures/profile-picture-2.PNG", "cover_photo": "users/cover_photos/cover-photo-4.PNG", "address": "Bellandur, Bengaluru, Karnataka, India", "country": "India", "state": "Karnataka", "city": "Bengaluru", "pin_code": null, "latitude": "12.9304278", "longitude": "77.678404", "location": "SRID=4326;POINT (77.678404 12.9304278)", "created_at": "2026-02-22T18:12:03.070Z", "modified_at": "2026-04-17T19:15:26.940Z"}}, {"model": "accounts.userprofile", "pk": 12, "fields": {"user": 12, "profile_picture": "users/profile_pictures/profile-picture-5.PNG", "cover_photo": "users/cover_photos/cover-photo-1.PNG", "address": "Munekollal, Bengaluru, Karnataka, India", "country": "India", "state": "Karnataka", "city": "Bengaluru", "pin_code": null, "latitude": "12.9530189", "longitude": "77.7088108", "location": "SRID=4326;POINT (77.7088108 12.9530189)", "created_at": "2026-03-16T05:18:12.501Z", "modified_at": "2026-04-17T19:32:37.980Z"}}, {"model": "accounts.userprofile", "pk": 16, "fields": {"user": 16, "profile_picture": "users/profile_pictures/burger-600x600.jpg", "cover_photo": "users/cover_photos/cover-photo-5.PNG", "address": "Munnekollal, Bengaluru, Karnataka, India", "country": "India", "state": "Karnataka", "city": "Bengaluru", "pin_code": null, "latitude": "12.9530189", "longitude": "77.7088108", "location": "SRID=4326;POINT (77.7088108 12.9530189)", "created_at": "2026-03-31T19:53:40.003Z", "modified_at": "2026-04-17T19:04:08.897Z"}}, {"model": "vendor.vendor", "pk": 1, "fields": {"user": 9, "user_profile": 9, "vendor_name": "Regan Classic", "vendor_slug": "regan-classic", "vendor_license": "vendor/license/Screenshot_298.png", "is_approved": true, "created_at": "2026-02-14T21:36:43.513Z", "modified_at": "2026-03-31T16:31:38.320Z"}}, {"model": "vendor.vendor", "pk": 2, "fields": {"user": 11, "user_profile": 11, "vendor_name": "Utkal Bango", "vendor_slug": "utkal-bango", "vendor_license": "vendor/license/Screenshot_1.png", "is_approved": true, "created_at": "2026-02-22T18:12:03.180Z", "modified_at": "2026-03-31T18:11:38.618Z"}}, {"model": "vendor.vendor", "pk": 3, "fields": {"user": 12, "user_profile": 12, "vendor_name": "MeatMatka", "vendor_slug": "meat-matka", "vendor_license": "vendor/license/Screenshot_10.png", "is_approved": true, "created_at": "2026-03-16T05:18:12.675Z", "modified_at": "2026-03-31T18:23:30.063Z"}}, {"model": "vendor.vendor", "pk": 7, "fields": {"user": 16, "user_profile": 16, "vendor_name": "Cozy Dine", "vendor_slug": "cozy-dine", "vendor_license": "vendor/license/Screenshot_11_jGdr3wI.png", "is_approved": true, "created_at": "2026-03-31T19:53:40.145Z", "modified_at": "2026-03-31T20:06:52.408Z"}}, {"model": "vendor.openinghour", "pk": 23, "fields": {"vendor": 7, "day": 1, "from_hour": "09:00 AM", "to_hour": "02:00 PM", "is_closed": false}}, {"model": "vendor.openinghour", "pk": 24, "fields": {"vendor": 7, "day": 2, "from_hour": "09:00 AM", "to_hour": "02:30 PM", "is_closed": false}}, {"model": "vendor.openinghour", "pk": 25, "fields": {"vendor": 7, "day": 3, "from_hour": "09:30 AM", "to_hour": "01:30 PM", "is_closed": false}}, {"model": "vendor.openinghour", "pk": 26, "fields": {"vendor": 7, "day": 3, "from_hour": "04:00 PM", "to_hour": "09:00 PM", "is_closed": false}}, {"model": "vendor.openinghour", "pk": 27, "fields": {"vendor": 7, "day": 4, "from_hour": "09:00 AM", "to_hour": "03:00 PM", "is_closed": false}}, {"model": "vendor.openinghour", "pk": 28, "fields": {"vendor": 7, "day": 5, "from_hour": "08:00 AM", "to_hour": "12:00 PM", "is_closed": false}}, {"model": "vendor.openinghour", "pk": 29, "fields": {"vendor": 7, "day": 5, "from_hour": "03:00 PM", "to_hour": "09:30 PM", "is_closed": false}}, {"model": "vendor.openinghour", "pk": 30, "fields": {"vendor": 7, "day": 6, "from_hour": "09:00 AM", "to_hour": "02:00 PM", "is_closed": false}}, {"model": "vendor.openinghour", "pk": 31, "fields": {"vendor": 7, "day": 7, "from_hour": "", "to_hour": "", "is_closed": true}}, {"model": "vendor.openinghour", "pk": 32, "fields": {"vendor": 3, "day": 1, "from_hour": "07:00 AM", "to_hour": "12:00 PM", "is_closed": false}}, {"model": "vendor.openinghour", "pk": 33, "fields": {"vendor": 3, "day": 1, "from_hour": "04:00 PM", "to_hour": "09:30 PM", "is_closed": false}}, {"model": "vendor.openinghour", "pk": 34, "fields": {"vendor": 3, "day": 2, "from_hour": "07:00 AM", "to_hour": "12:00 PM", "is_closed": false}}, {"model": "vendor.openinghour", "pk": 35, "fields": {"vendor": 3, "day": 2, "from_hour": "04:00 PM", "to_hour": "09:30 PM", "is_closed": false}}, {"model": "vendor.openinghour", "pk": 36, "fields": {"vendor": 3, "day": 3, "from_hour": "07:30 AM", "to_hour": "12:00 PM", "is_closed": false}}, {"model": "vendor.openinghour", "pk": 37, "fields": {"vendor": 3, "day": 3, "from_hour": "04:00 PM", "to_hour": "09:30 PM", "is_closed": false}}, {"model": "vendor.openinghour", "pk": 38, "fields": {"vendor": 3, "day": 4, "from_hour": "09:00 AM", "to_hour": "02:30 PM", "is_closed": false}}, {"model": "vendor.openinghour", "pk": 39, "fields": {"vendor": 3, "day": 5, "from_hour": "04:30 PM", "to_hour": "09:30 PM", "is_closed": false}}, {"model": "vendor.openinghour", "pk": 42, "fields": {"vendor": 2, "day": 1, "from_hour": "10:00 AM", "to_hour": "05:00 PM", "is_closed": false}}, {"model": "vendor.openinghour", "pk": 43, "fields": {"vendor": 2, "day": 2, "from_hour": "10:00 AM", "to_hour": "05:00 PM", "is_closed": false}}, {"model": "vendor.openinghour", "pk": 44, "fields": {"vendor": 2, "day": 3, "from_hour": "10:00 AM", "to_hour": "05:00 PM", "is_closed": false}}, {"model": "vendor.openinghour", "pk": 45, "fields": {"vendor": 2, "day": 4, "from_hour": "10:00 AM", "to_hour": "05:00 PM", "is_closed": false}}, {"model": "vendor.openinghour", "pk": 46, "fields": {"vendor": 2, "day": 5, "from_hour": "08:00 AM", "to_hour": "12:00 PM", "is_closed": false}}, {"model": "vendor.openinghour", "pk": 47, "fields": {"vendor": 2, "day": 5, "from_hour": "04:00 PM", "to_hour": "09:00 PM", "is_closed": false}}, {"model": "vendor.openinghour", "pk": 48, "fields": {"vendor": 2, "day": 6, "from_hour": "09:00 AM", "to_hour": "12:30 PM", "is_closed": false}}, {"model": "vendor.openinghour", "pk": 49, "fields": {"vendor": 2, "day": 7, "from_hour": "", "to_hour": "", "is_closed": true}}, {"model": "vendor.openinghour", "pk": 50, "fields": {"vendor": 1, "day": 1, "from_hour": "10:00 AM", "to_hour": "06:00 PM", "is_closed": false}}, {"model": "vendor.openinghour", "pk": 51, "fields": {"vendor": 1, "day": 2, "from_hour": "10:00 AM", "to_hour": "06:00 PM", "is_closed": false}}, {"model": "vendor.openinghour", "pk": 52, "fields": {"vendor": 1, "day": 3, "from_hour": "09:00 AM", "to_hour": "12:00 PM", "is_closed": false}}, {"model": "vendor.openinghour", "pk": 53, "fields": {"vendor": 1, "day": 3, "from_hour": "02:30 PM", "to_hour": "06:00 PM", "is_closed": false}}, {"model": "vendor.openinghour", "pk": 54, "fields": {"vendor": 1, "day": 4, "from_hour": "10:00 AM", "to_hour": "06:00 PM", "is_closed": false}}, {"model": "vendor.openinghour", "pk": 55, "fields": {"vendor": 1, "day": 5, "from_hour": "10:00 AM", "to_hour": "09:30 PM", "is_closed": false}}, {"model": "vendor.openinghour", "pk": 56, "fields": {"vendor": 1, "day": 6, "from_hour": "10:00 AM", "to_hour": "04:00 PM", "is_closed": false}}, {"model": "vendor.openinghour", "pk": 57, "fields": {"vendor": 1, "day": 7, "from_hour": "", "to_hour": "", "is_closed": true}}, {"model": "vendor.openinghour", "pk": 59, "fields": {"vendor": 3, "day": 7, "from_hour": "", "to_hour": "", "is_closed": true}}, {"model": "vendor.openinghour", "pk": 60, "fields": {"vendor": 3, "day": 6, "from_hour": "", "to_hour": "", "is_closed": true}}, {"model": "menu.category", "pk": 1, "fields": {"vendor": 2, "category_name": "Chicken Dum Biriyani", "slug": "chicken-dum-biriyani", "description": "Made of of premium basumati rice and best of chicken.", "created_at": "2026-03-03T20:00:15.884Z", "updated_at": "2026-03-09T19:10:59.704Z"}}, {"model": "menu.category", "pk": 2, "fields": {"vendor": 2, "category_name": "Pizza", "slug": "pizza", "description": "Cheezy and Crunchy", "created_at": "2026-03-06T20:15:42.364Z", "updated_at": "2026-03-06T20:15:42.364Z"}}, {"model": "menu.category", "pk": 3, "fields": {"vendor": 2, "category_name": "Burger", "slug": "burger", "description": "Thick and Juicy", "created_at": "2026-03-06T20:16:54.196Z", "updated_at": "2026-03-06T20:16:54.196Z"}}, {"model": "menu.category", "pk": 4, "fields": {"vendor": 2, "category_name": "Seafood", "slug": "seafood", "description": "direct from the sea to kitchen", "created_at": "2026-03-06T20:18:08.443Z", "updated_at": "2026-03-06T20:18:08.443Z"}}, {"model": "menu.category", "pk": 6, "fields": {"vendor": 2, "category_name": "test blank category", "slug": "test-blank-category", "description": "", "created_at": "2026-03-07T20:44:53.520Z", "updated_at": "2026-03-07T20:44:53.520Z"}}, {"model": "menu.category", "pk": 17, "fields": {"vendor": 2, "category_name": "Chickenbiriyani", "slug": "chickenbiriyani", "description": "", "created_at": "2026-03-09T12:13:57.786Z", "updated_at": "2026-03-09T12:13:57.786Z"}}, {"model": "menu.category", "pk": 18, "fields": {"vendor": 3, "category_name": "Chillies Cousine", "slug": "chillies-cousine", "description": "sauciy n spicy", "created_at": "2026-03-16T13:29:43.341Z", "updated_at": "2026-03-16T13:29:43.341Z"}}, {"model": "menu.category", "pk": 19, "fields": {"vendor": 3, "category_name": "Category123", "slug": "category123", "description": "test case", "created_at": "2026-03-16T16:36:02.546Z", "updated_at": "2026-03-16T16:36:02.546Z"}}, {"model": "menu.category", "pk": 20, "fields": {"vendor": 1, "category_name": "Chicken", "slug": "chicken", "description": "All cuisines related to chicken", "created_at": "2026-03-31T16:34:44.391Z", "updated_at": "2026-03-31T16:34:44.391Z"}}, {"model": "menu.category", "pk": 21, "fields": {"vendor": 1, "category_name": "Rice", "slug": "rice", "description": "The real indian rice", "created_at": "2026-03-31T16:39:18.453Z", "updated_at": "2026-03-31T16:39:18.453Z"}}, {"model": "menu.category", "pk": 22, "fields": {"vendor": 3, "category_name": "Pizza", "slug": "pizza", "description": "Real with wheat", "created_at": "2026-03-31T18:30:25.786Z", "updated_at": "2026-03-31T18:30:25.786Z"}}, {"model": "menu.category", "pk": 23, "fields": {"vendor": 7, "category_name": "Pizza", "slug": "pizza", "description": "all types of pizza", "created_at": "2026-03-31T19:57:35.282Z", "updated_at": "2026-03-31T19:57:35.282Z"}}, {"model": "menu.category", "pk": 24, "fields": {"vendor": 7, "category_name": "Burger", "slug": "burger", "description": "perfectly sandwitched", "created_at": "2026-03-31T20:00:38.902Z", "updated_at": "2026-03-31T20:00:38.903Z"}}, {"model": "menu.fooditem", "pk": 1, "fields": {"vendor": 2, "category": 1, "food_title": "Hyderabadi Chicken Biriyani", "slug": "hyderabadi-chicken-biriyani", "description": "Always fresh and cost friendly", "price": "150.00", "image": "foodimages/Pan-Fried-Chicken-600x600.jpg", "is_available": true, "created_at": "2026-03-03T20:03:38.171Z", "updated_at": "2026-03-03T20:03:38.171Z"}}, {"model": "menu.fooditem", "pk": 5, "fields": {"vendor": 2, "category": 2, "food_title": "chicken pizza", "slug": "chicken-pizza", "description": "fresh chicken with added butter", "price": "150.00", "image": "foodimages/brand_pic3.jpg", "is_available": false, "created_at": "2026-03-06T20:29:18.762Z", "updated_at": "2026-03-14T21:36:28.684Z"}}, {"model": "menu.fooditem", "pk": 6, "fields": {"vendor": 2, "category": 2, "food_title": "Italian Pizza", "slug": "italian-pizza", "description": "perfect combo with stuffed veggies", "price": "200.00", "image": "foodimages/italian-pizza-600x600.jpg", "is_available": true, "created_at": "2026-03-06T20:30:31.458Z", "updated_at": "2026-03-06T20:30:31.458Z"}}, {"model": "menu.fooditem", "pk": 7, "fields": {"vendor": 2, "category": 2, "food_title": "Veg Pizza", "slug": "veg-pizza", "description": "full with vegetables n added cheese", "price": "150.00", "image": "foodimages/veg-pizza-600x600.jpg", "is_available": true, "created_at": "2026-03-06T20:33:06.543Z", "updated_at": "2026-03-06T20:33:06.543Z"}}, {"model": "menu.fooditem", "pk": 8, "fields": {"vendor": 2, "category": 3, "food_title": "Chicken Burger", "slug": "chicken-burger", "description": "superbly stuffed chicken", "price": "120.00", "image": "foodimages/burger-600x600.jpg", "is_available": true, "created_at": "2026-03-06T20:37:01.710Z", "updated_at": "2026-03-06T20:37:01.710Z"}}, {"model": "menu.fooditem", "pk": 9, "fields": {"vendor": 2, "category": 3, "food_title": "Veg Burger", "slug": "veg-burger", "description": "mixed veg stuffed", "price": "120.00", "image": "foodimages/profile-picture-3.PNG", "is_available": true, "created_at": "2026-03-06T20:38:02.419Z", "updated_at": "2026-03-06T20:38:02.419Z"}}, {"model": "menu.fooditem", "pk": 10, "fields": {"vendor": 2, "category": 4, "food_title": "Tuna Fish Fry", "slug": "tuna-fish-fry", "description": "well baked with oil", "price": "200.00", "image": "foodimages/tuna-fish.jpg", "is_available": true, "created_at": "2026-03-06T20:39:33.922Z", "updated_at": "2026-03-06T20:39:33.922Z"}}, {"model": "menu.fooditem", "pk": 11, "fields": {"vendor": 2, "category": 4, "food_title": "Fish Thali", "slug": "fish-thali", "description": "Varieties with perfection", "price": "150.00", "image": "foodimages/seafood-600x600.jpg", "is_available": true, "created_at": "2026-03-06T20:41:16.769Z", "updated_at": "2026-03-06T20:41:16.769Z"}}, {"model": "menu.fooditem", "pk": 12, "fields": {"vendor": 2, "category": 2, "food_title": "Mushroom Pizza", "slug": "mushroom-pizza", "description": "Mushroom topped with tomato filled", "price": "200.00", "image": "foodimages/brand_pic3_hKUDYyF.jpg", "is_available": true, "created_at": "2026-03-09T22:33:14.363Z", "updated_at": "2026-03-09T22:33:14.363Z"}}, {"model": "menu.fooditem", "pk": 13, "fields": {"vendor": 3, "category": 18, "food_title": "Chicken Chilli", "slug": "chicken-chilli", "description": "tindered with capsicum", "price": "250.00", "image": "foodimages/Pan-Fried-Chicken-600x600_DtaF9Kd.jpg", "is_available": true, "created_at": "2026-03-16T16:41:45.551Z", "updated_at": "2026-03-16T16:41:45.551Z"}}, {"model": "menu.fooditem", "pk": 14, "fields": {"vendor": 1, "category": 20, "food_title": "Chicken Changezi", "slug": "chicken-changezi", "description": "Hot and creamy", "price": "150.00", "image": "foodimages/Pan-Fried-Chicken-600x600_S90gYca.jpg", "is_available": true, "created_at": "2026-03-31T16:36:39.960Z", "updated_at": "2026-03-31T16:36:39.960Z"}}, {"model": "menu.fooditem", "pk": 15, "fields": {"vendor": 1, "category": 20, "food_title": "Chicken Tandoor", "slug": "chicken-tandoor", "description": "Buttery with mint", "price": "200.00", "image": "foodimages/chicken-barbeque_x5fEe7K.jpg", "is_available": true, "created_at": "2026-03-31T16:38:08.196Z", "updated_at": "2026-03-31T16:38:08.196Z"}}, {"model": "menu.fooditem", "pk": 16, "fields": {"vendor": 1, "category": 21, "food_title": "Steam Rice", "slug": "steam-rice", "description": "Natural boiled and drained", "price": "50.00", "image": "foodimages/steam-rice.jpg", "is_available": true, "created_at": "2026-03-31T16:40:40.848Z", "updated_at": "2026-03-31T16:40:40.848Z"}}, {"model": "menu.fooditem", "pk": 17, "fields": {"vendor": 1, "category": 21, "food_title": "Basmati Rice", "slug": "basmati-rice", "description": "Typical large grained", "price": "100.00", "image": "foodimages/rice-bowl.jpg", "is_available": true, "created_at": "2026-03-31T16:41:55.464Z", "updated_at": "2026-03-31T16:41:55.464Z"}}, {"model": "menu.fooditem", "pk": 18, "fields": {"vendor": 3, "category": 18, "food_title": "Chicken 69", "slug": "chicken-69", "description": "Soft and spicy", "price": "180.00", "image": "foodimages/chicken-barbeque_9k1obJc.jpg", "is_available": true, "created_at": "2026-03-31T18:28:42.429Z", "updated_at": "2026-03-31T18:28:42.429Z"}}, {"model": "menu.fooditem", "pk": 19, "fields": {"vendor": 3, "category": 22, "food_title": "chicken pizza", "slug": "chicken-pizza", "description": "chicken balle toffed", "price": "200.00", "image": "foodimages/brand_pic3_Pd38F2l.jpg", "is_available": true, "created_at": "2026-03-31T19:21:15.531Z", "updated_at": "2026-03-31T19:21:15.531Z"}}, {"model": "menu.fooditem", "pk": 20, "fields": {"vendor": 3, "category": 22, "food_title": "Mushroom Pizza", "slug": "mushroom-pizza", "description": "mushroom and capsicom", "price": "210.00", "image": "foodimages/veg-pizza-600x600_VYP2GUW.jpg", "is_available": true, "created_at": "2026-03-31T19:22:33.309Z", "updated_at": "2026-03-31T19:22:33.309Z"}}, {"model": "menu.fooditem", "pk": 21, "fields": {"vendor": 7, "category": 23, "food_title": "Italian Pizza", "slug": "italian-pizza", "description": "fully toffed with veggies", "price": "180.00", "image": "foodimages/italian-pizza-600x600_Lt3acYA.jpg", "is_available": true, "created_at": "2026-03-31T19:58:48.302Z", "updated_at": "2026-03-31T19:58:48.302Z"}}, {"model": "menu.fooditem", "pk": 22, "fields": {"vendor": 7, "category": 23, "food_title": "chicken pizza", "slug": "chicken-pizza", "description": "chicken bolls and chilli flakes", "price": "250.00", "image": "foodimages/pizza-600x600.jpg", "is_available": true, "created_at": "2026-03-31T19:59:50.119Z", "updated_at": "2026-03-31T19:59:50.119Z"}}, {"model": "menu.fooditem", "pk": 23, "fields": {"vendor": 7, "category": 24, "food_title": "Chicken Burger", "slug": "chicken-burger", "description": "chicken grinds with onion", "price": "200.00", "image": "foodimages/burger-600x600_BkYj66i.jpg", "is_available": true, "created_at": "2026-03-31T20:01:50.424Z", "updated_at": "2026-03-31T20:01:50.424Z"}}, {"model": "menu.fooditem", "pk": 24, "fields": {"vendor": 7, "category": 24, "food_title": "Veg  Burger", "slug": "veg-burger", "description": "veggies and paneer mixed", "price": "150.00", "image": "foodimages/profile-picture-3_8QTfYiq.PNG", "is_available": true, "created_at": "2026-03-31T20:02:58.634Z", "updated_at": "2026-03-31T20:02:58.634Z"}}, {"model": "marketplace.cart", "pk": 70, "fields": {"user": 1, "fooditem": 6, "quantity": 1, "created_at": "2026-04-18T18:22:09.464Z", "updated_at": "2026-04-18T18:22:09.464Z"}}, {"model": "marketplace.cart", "pk": 71, "fields": {"user": 1, "fooditem": 7, "quantity": 1, "created_at": "2026-04-18T18:22:10.743Z", "updated_at": "2026-04-18T18:22:10.743Z"}}, {"model": "marketplace.cart", "pk": 72, "fields": {"user": 1, "fooditem": 12, "quantity": 3, "created_at": "2026-04-18T18:22:12.057Z", "updated_at": "2026-04-18T18:22:12.944Z"}}, {"model": "marketplace.cart", "pk": 131, "fields": {"user": 10, "fooditem": 21, "quantity": 1, "created_at": "2026-05-10T22:29:52.962Z", "updated_at": "2026-05-10T22:29:52.962Z"}}, {"model": "marketplace.cart", "pk": 132, "fields": {"user": 10, "fooditem": 22, "quantity": 1, "created_at": "2026-05-10T22:29:56.458Z", "updated_at": "2026-05-10T22:29:56.458Z"}}, {"model": "marketplace.tax", "pk": 1, "fields": {"tax_type": "CGST", "tax_percentage": "9.00", "is_active": true}}, {"model": "marketplace.tax", "pk": 2, "fields": {"tax_type": "SGST", "tax_percentage": "7.00", "is_active": true}}, {"model": "orders.payment", "pk": 1, "fields": {"user": 10, "transaction_id": "1L79468662641043P", "payment_method": "PayPal", "amount": "139.2", "status": "COMPLETED", "created_at": "2026-04-23T08:51:42.150Z"}}, {"model": "orders.payment", "pk": 2, "fields": {"user": 10, "transaction_id": "6M7850771L446015U", "payment_method": "PayPal", "amount": "371.2", "status": "COMPLETED", "created_at": "2026-04-23T17:22:07.862Z"}}, {"model": "orders.payment", "pk": 3, "fields": {"user": 10, "transaction_id": "0TV31788EL1372345", "payment_method": "PayPal", "amount": "371.2", "status": "COMPLETED", "created_at": "2026-04-24T10:13:37.347Z"}}, {"model": "orders.payment", "pk": 4, "fields": {"user": 10, "transaction_id": "4280251776540203W", "payment_method": "PayPal", "amount": "672.8", "status": "COMPLETED", "created_at": "2026-04-24T11:04:59.737Z"}}, {"model": "orders.payment", "pk": 5, "fields": {"user": 10, "transaction_id": "56G06629WP2546433", "payment_method": "PayPal", "amount": "904.8", "status": "COMPLETED", "created_at": "2026-04-24T11:22:49.208Z"}}, {"model": "orders.payment", "pk": 6, "fields": {"user": 10, "transaction_id": "95V74607CJ996121T", "payment_method": "PayPal", "amount": "904.8", "status": "COMPLETED", "created_at": "2026-04-24T12:24:41.449Z"}}, {"model": "orders.payment", "pk": 7, "fields": {"user": 10, "transaction_id": "49630435XA0231305", "payment_method": "PayPal", "amount": "464.0", "status": "COMPLETED", "created_at": "2026-04-24T13:00:31.532Z"}}, {"model": "orders.payment", "pk": 8, "fields": {"user": 10, "transaction_id": "90V5218919920111B", "payment_method": "PayPal", "amount": "765.6", "status": "COMPLETED", "created_at": "2026-04-24T18:34:10.651Z"}}, {"model": "orders.payment", "pk": 9, "fields": {"user": 10, "transaction_id": "52972994BK945814G", "payment_method": "PayPal", "amount": "348.0", "status": "COMPLETED", "created_at": "2026-04-24T20:04:42.761Z"}}, {"model": "orders.payment", "pk": 10, "fields": {"user": 10, "transaction_id": "7BP543506S1237129", "payment_method": "PayPal", "amount": "348.0", "status": "COMPLETED", "created_at": "2026-04-24T20:10:38.143Z"}}, {"model": "orders.payment", "pk": 11, "fields": {"user": 10, "transaction_id": "26L379111S2485152", "payment_method": "PayPal", "amount": "348.0", "status": "COMPLETED", "created_at": "2026-04-24T20:11:24.549Z"}}, {"model": "orders.payment", "pk": 12, "fields": {"user": 10, "transaction_id": "11G80003A72719443", "payment_method": "PayPal", "amount": "348.0", "status": "COMPLETED", "created_at": "2026-04-24T20:20:52.073Z"}}, {"model": "orders.payment", "pk": 13, "fields": {"user": 10, "transaction_id": "2U142234W84121223", "payment_method": "PayPal", "amount": "348.0", "status": "COMPLETED", "created_at": "2026-04-24T20:28:41.500Z"}}, {"model": "orders.payment", "pk": 14, "fields": {"user": 10, "transaction_id": "04P39950FM543735E", "payment_method": "PayPal", "amount": "348.0", "status": "COMPLETED", "created_at": "2026-04-24T20:29:51.016Z"}}, {"model": "orders.payment", "pk": 15, "fields": {"user": 10, "transaction_id": "4LT7795622390503B", "payment_method": "PayPal", "amount": "348.0", "status": "COMPLETED", "created_at": "2026-04-24T21:01:27.539Z"}}, {"model": "orders.payment", "pk": 16, "fields": {"user": 10, "transaction_id": "8MT09509SS7020823", "payment_method": "PayPal", "amount": "348.0", "status": "COMPLETED", "created_at": "2026-04-24T21:16:21.973Z"}}, {"model": "orders.payment", "pk": 17, "fields": {"user": 10, "transaction_id": "7V759668D71847057", "payment_method": "PayPal", "amount": "348.0", "status": "COMPLETED", "created_at": "2026-04-24T21:20:53.476Z"}}, {"model": "orders.payment", "pk": 18, "fields": {"user": 10, "transaction_id": "46X46545K96867001", "payment_method": "PayPal", "amount": "208.8", "status": "COMPLETED", "created_at": "2026-04-24T21:30:14.388Z"}}, {"model": "orders.payment", "pk": 19, "fields": {"user": 10, "transaction_id": "9PV83168L90660412", "payment_method": "PayPal", "amount": "348.0", "status": "COMPLETED", "created_at": "2026-04-25T05:41:00.056Z"}}, {"model": "orders.payment", "pk": 20, "fields": {"user": 10, "transaction_id": "3M54649216964305W", "payment_method": "PayPal", "amount": "707.6", "status": "COMPLETED", "created_at": "2026-04-25T12:14:26.505Z"}}, {"model": "orders.payment", "pk": 21, "fields": {"user": 10, "transaction_id": "669292194J0604107", "payment_method": "PayPal", "amount": "417.6", "status": "COMPLETED", "created_at": "2026-04-25T12:16:40.316Z"}}, {"model": "orders.payment", "pk": 22, "fields": {"user": 10, "transaction_id": "7VU75803V0300334G", "payment_method": "PayPal", "amount": "580.0", "status": "COMPLETED", "created_at": "2026-04-25T12:32:40.577Z"}}, {"model": "orders.payment", "pk": 23, "fields": {"user": 10, "transaction_id": "8S551056AB336721S", "payment_method": "PayPal", "amount": "266.8", "status": "COMPLETED", "created_at": "2026-04-25T12:36:54.394Z"}}, {"model": "orders.payment", "pk": 24, "fields": {"user": 10, "transaction_id": "93D85765SV842553R", "payment_method": "PayPal", "amount": "440.8", "status": "COMPLETED", "created_at": "2026-04-25T17:44:08.593Z"}}, {"model": "orders.payment", "pk": 25, "fields": {"user": 10, "transaction_id": "0B657352GA292684K", "payment_method": "PayPal", "amount": "382.8", "status": "COMPLETED", "created_at": "2026-04-25T17:49:34.873Z"}}, {"model": "orders.payment", "pk": 26, "fields": {"user": 10, "transaction_id": "pay_SiE2LiUBbf7Pxo", "payment_method": "RazorPay", "amount": "208.8", "status": "Success", "created_at": "2026-04-26T18:47:23.918Z"}}, {"model": "orders.payment", "pk": 27, "fields": {"user": 10, "transaction_id": "pay_SiERByw27nc7ij", "payment_method": "RazorPay", "amount": "139.2", "status": "Success", "created_at": "2026-04-26T19:10:52.185Z"}}, {"model": "orders.payment", "pk": 28, "fields": {"user": 10, "transaction_id": "2L341169C72225544", "payment_method": "PayPal", "amount": "1183.2", "status": "COMPLETED", "created_at": "2026-04-29T04:25:42.512Z"}}, {"model": "orders.payment", "pk": 29, "fields": {"user": 10, "transaction_id": "9ER076256A0403401", "payment_method": "PayPal", "amount": "1438.4", "status": "COMPLETED", "created_at": "2026-04-29T09:51:02.286Z"}}, {"model": "orders.payment", "pk": 30, "fields": {"user": 10, "transaction_id": "3HK15117893309943", "payment_method": "PayPal", "amount": "846.8", "status": "COMPLETED", "created_at": "2026-04-29T09:57:17.626Z"}}, {"model": "orders.payment", "pk": 31, "fields": {"user": 10, "transaction_id": "3NB47670Y2123125E", "payment_method": "PayPal", "amount": "2041.6", "status": "COMPLETED", "created_at": "2026-04-30T05:38:25.552Z"}}, {"model": "orders.payment", "pk": 32, "fields": {"user": 9, "transaction_id": "39E86931AB516654X", "payment_method": "PayPal", "amount": "382.8", "status": "COMPLETED", "created_at": "2026-05-03T14:14:24.174Z"}}, {"model": "orders.payment", "pk": 33, "fields": {"user": 9, "transaction_id": "1BV60690VW434302T", "payment_method": "PayPal", "amount": "406.0", "status": "COMPLETED", "created_at": "2026-05-03T19:33:22.188Z"}}, {"model": "orders.payment", "pk": 34, "fields": {"user": 9, "transaction_id": "0EH72126UF249212K", "payment_method": "PayPal", "amount": "406.0", "status": "COMPLETED", "created_at": "2026-05-03T19:42:44.137Z"}}, {"model": "orders.payment", "pk": 35, "fields": {"user": 9, "transaction_id": "6LD52025LE244261B", "payment_method": "PayPal", "amount": "313.2", "status": "COMPLETED", "created_at": "2026-05-03T19:46:22.606Z"}}, {"model": "orders.order", "pk": 70, "fields": {"user": 10, "payment": 1, "order_number": "12345657", "first_name": "abcg", "last_name": "hijk", "phone": "1245789632", "email": "abc@gmail.com", "address": "ash", "country": "erf", "state": "Msan", "city": "Bang", "pin_code": "754228", "total": 45.0, "tax_data": null, "total_data": null, "total_tax": 12.0, "payment_method": "PayPal", "status": "New", "is_ordered": true, "created_at": "2026-04-28T11:38:42.542Z", "updated_at": "2026-04-28T11:38:42.542Z", "vendors": [1, 2]}}, {"model": "orders.order", "pk": 71, "fields": {"user": 10, "payment": 1, "order_number": "415268", "first_name": "web", "last_name": "roxx", "phone": "4578962377", "email": "bho@gmail.com", "address": "hty", "country": "ind", "state": "bbs", "city": "ken", "pin_code": "784996", "total": 10.0, "tax_data": null, "total_data": null, "total_tax": 13.0, "payment_method": "PayPal", "status": "New", "is_ordered": true, "created_at": "2026-04-28T11:41:48.671Z", "updated_at": "2026-04-28T11:41:48.671Z", "vendors": [2, 3]}}, {"model": "orders.order", "pk": 72, "fields": {"user": 10, "payment": 1, "order_number": "457816", "first_name": "quest", "last_name": "solo", "phone": "4578127635", "email": "quest@gmail.com", "address": "chn", "country": "ind", "state": "tan", "city": "chn", "pin_code": "895446", "total": 120.0, "tax_data": null, "total_data": null, "total_tax": 13.0, "payment_method": "PayPal", "status": "New", "is_ordered": true, "created_at": "2026-04-28T11:45:31.058Z", "updated_at": "2026-04-28T11:45:31.058Z", "vendors": [2, 3, 7]}}, {"model": "orders.order", "pk": 73, "fields": {"user": 10, "payment": 28, "order_number": "2026042909542073", "first_name": "Alok", "last_name": "Das", "phone": "8844556633", "email": "lily78@gmail.com", "address": "Bellandur, Bengaluru, Karnataka, India", "country": "India", "state": "Karnataka", "city": "Bengaluru", "pin_code": "560032", "total": 1183.2, "tax_data": "{\"CGST\": {\"9.00\": 91.80}, \"SGST\": {\"7.00\": 71.40}}", "total_data": null, "total_tax": 163.2, "payment_method": "PayPal", "status": "New", "is_ordered": true, "created_at": "2026-04-29T04:24:20.777Z", "updated_at": "2026-04-29T04:25:42.528Z", "vendors": []}}, {"model": "orders.order", "pk": 74, "fields": {"user": 10, "payment": null, "order_number": "2026042910083874", "first_name": "Alok", "last_name": "Das", "phone": "8844556633", "email": "lily78@gmail.com", "address": "Bellandur, Bengaluru, Karnataka, India", "country": "India", "state": "Karnataka", "city": "Bengaluru", "pin_code": "560032", "total": 870.0, "tax_data": "{\"CGST\": {\"9.00\": 67.50}, \"SGST\": {\"7.00\": 52.50}}", "total_data": null, "total_tax": 120.0, "payment_method": "PayPal", "status": "New", "is_ordered": false, "created_at": "2026-04-29T04:38:38.577Z", "updated_at": "2026-04-29T04:38:38.590Z", "vendors": []}}, {"model": "orders.order", "pk": 75, "fields": {"user": 10, "payment": null, "order_number": "2026042910105475", "first_name": "Alok", "last_name": "Das", "phone": "8844556633", "email": "lily78@gmail.com", "address": "Bellandur, Bengaluru, Karnataka, India", "country": "India", "state": "Karnataka", "city": "Bengaluru", "pin_code": "560032", "total": 1438.4, "tax_data": "{\"CGST\": {\"9.00\": 111.60}, \"SGST\": {\"7.00\": 86.80}}", "total_data": null, "total_tax": 198.4, "payment_method": "PayPal", "status": "New", "is_ordered": false, "created_at": "2026-04-29T04:40:53.992Z", "updated_at": "2026-04-29T04:40:54.004Z", "vendors": []}}, {"model": "orders.order", "pk": 76, "fields": {"user": 10, "payment": null, "order_number": "2026042910121976", "first_name": "Alok", "last_name": "Das", "phone": "8844556633", "email": "lily78@gmail.com", "address": "Bellandur, Bengaluru, Karnataka, India", "country": "India", "state": "Karnataka", "city": "Bengaluru", "pin_code": "560032", "total": 1438.4, "tax_data": "{\"CGST\": {\"9.00\": 111.60}, \"SGST\": {\"7.00\": 86.80}}", "total_data": null, "total_tax": 198.4, "payment_method": "PayPal", "status": "New", "is_ordered": false, "created_at": "2026-04-29T04:42:19.570Z", "updated_at": "2026-04-29T04:42:19.576Z", "vendors": []}}, {"model": "orders.order", "pk": 77, "fields": {"user": 10, "payment": null, "order_number": "2026042910202277", "first_name": "Alok", "last_name": "Das", "phone": "8844556633", "email": "lily78@gmail.com", "address": "Bellandur, Bengaluru, Karnataka, India", "country": "India", "state": "Karnataka", "city": "Bengaluru", "pin_code": "560032", "total": 1438.4, "tax_data": "{\"CGST\": {\"9.00\": 111.60}, \"SGST\": {\"7.00\": 86.80}}", "total_data": null, "total_tax": 198.4, "payment_method": "PayPal", "status": "New", "is_ordered": false, "created_at": "2026-04-29T04:50:22.078Z", "updated_at": "2026-04-29T04:50:22.099Z", "vendors": []}}, {"model": "orders.order", "pk": 78, "fields": {"user": 10, "payment": null, "order_number": "2026042910203778", "first_name": "Alok", "last_name": "Das", "phone": "8844556633", "email": "lily78@gmail.com", "address": "Bellandur, Bengaluru, Karnataka, India", "country": "India", "state": "Karnataka", "city": "Bengaluru", "pin_code": "560032", "total": 1438.4, "tax_data": "{\"CGST\": {\"9.00\": 111.60}, \"SGST\": {\"7.00\": 86.80}}", "total_data": null, "total_tax": 198.4, "payment_method": "PayPal", "status": "New", "is_ordered": false, "created_at": "2026-04-29T04:50:37.053Z", "updated_at": "2026-04-29T04:50:37.109Z", "vendors": []}}, {"model": "orders.order", "pk": 79, "fields": {"user": 10, "payment": null, "order_number": "2026042910224079", "first_name": "Alok", "last_name": "Das", "phone": "8844556633", "email": "lily78@gmail.com", "address": "Bellandur, Bengaluru, Karnataka, India", "country": "India", "state": "Karnataka", "city": "Bengaluru", "pin_code": "560032", "total": 1438.4, "tax_data": "{\"CGST\": {\"9.00\": 111.60}, \"SGST\": {\"7.00\": 86.80}}", "total_data": null, "total_tax": 198.4, "payment_method": "PayPal", "status": "New", "is_ordered": false, "created_at": "2026-04-29T04:52:40.686Z", "updated_at": "2026-04-29T04:52:40.713Z", "vendors": []}}, {"model": "orders.order", "pk": 80, "fields": {"user": 10, "payment": null, "order_number": "2026042911054780", "first_name": "Alok", "last_name": "Das", "phone": "8844556633", "email": "lily78@gmail.com", "address": "Bellandur, Bengaluru, Karnataka, India", "country": "India", "state": "Karnataka", "city": "Bengaluru", "pin_code": "560032", "total": 1438.4, "tax_data": "{\"CGST\": {\"9.00\": 111.60}, \"SGST\": {\"7.00\": 86.80}}", "total_data": null, "total_tax": 198.4, "payment_method": "PayPal", "status": "New", "is_ordered": false, "created_at": "2026-04-29T05:35:47.685Z", "updated_at": "2026-04-29T05:35:47.723Z", "vendors": [1, 2, 7]}}, {"model": "orders.order", "pk": 81, "fields": {"user": 10, "payment": 29, "order_number": "2026042915201881", "first_name": "Alok", "last_name": "Das", "phone": "8844556633", "email": "lily78@gmail.com", "address": "Bellandur, Bengaluru, Karnataka, India", "country": "India", "state": "Karnataka", "city": "Bengaluru", "pin_code": "560032", "total": 1438.4, "tax_data": "{\"CGST\": {\"9.00\": 111.60}, \"SGST\": {\"7.00\": 86.80}}", "total_data": null, "total_tax": 198.4, "payment_method": "PayPal", "status": "New", "is_ordered": true, "created_at": "2026-04-29T09:50:18.263Z", "updated_at": "2026-04-29T09:51:02.312Z", "vendors": [1, 2, 7]}}, {"model": "orders.order", "pk": 82, "fields": {"user": 10, "payment": 30, "order_number": "2026042915265782", "first_name": "Alok", "last_name": "Das", "phone": "8844556633", "email": "lily78@gmail.com", "address": "Bellandur, Bengaluru, Karnataka, India", "country": "India", "state": "Karnataka", "city": "Bengaluru", "pin_code": "560032", "total": 846.8, "tax_data": "{\"CGST\": {\"9.00\": 65.70}, \"SGST\": {\"7.00\": 51.10}}", "total_data": null, "total_tax": 116.8, "payment_method": "PayPal", "status": "New", "is_ordered": true, "created_at": "2026-04-29T09:56:57.234Z", "updated_at": "2026-04-29T09:57:17.632Z", "vendors": [1, 3, 7]}}, {"model": "orders.order", "pk": 83, "fields": {"user": 10, "payment": null, "order_number": "2026043000520783", "first_name": "Alok", "last_name": "Das", "phone": "8844556633", "email": "lily78@gmail.com", "address": "Bellandur, Bengaluru, Karnataka, India", "country": "India", "state": "Karnataka", "city": "Bengaluru", "pin_code": "560032", "total": 2041.6, "tax_data": "{\"CGST\": {\"9.00\": 158.40}, \"SGST\": {\"7.00\": 123.20}}", "total_data": null, "total_tax": 281.6, "payment_method": "PayPal", "status": "New", "is_ordered": false, "created_at": "2026-04-29T19:22:07.944Z", "updated_at": "2026-04-29T19:22:07.990Z", "vendors": [1, 2, 3, 7]}}, {"model": "orders.order", "pk": 84, "fields": {"user": 10, "payment": null, "order_number": "2026043001174884", "first_name": "Alok", "last_name": "Das", "phone": "8844556633", "email": "lily78@gmail.com", "address": "Bellandur, Bengaluru, Karnataka, India", "country": "India", "state": "Karnataka", "city": "Bengaluru", "pin_code": "560032", "total": 2041.6, "tax_data": "{\"CGST\": {\"9.00\": 158.40}, \"SGST\": {\"7.00\": 123.20}}", "total_data": null, "total_tax": 281.6, "payment_method": "PayPal", "status": "New", "is_ordered": false, "created_at": "2026-04-29T19:47:48.841Z", "updated_at": "2026-04-29T19:47:48.922Z", "vendors": [1, 2, 3, 7]}}, {"model": "orders.order", "pk": 85, "fields": {"user": 10, "payment": null, "order_number": "2026043001193285", "first_name": "Alok", "last_name": "Das", "phone": "8844556633", "email": "lily78@gmail.com", "address": "Bellandur, Bengaluru, Karnataka, India", "country": "India", "state": "Karnataka", "city": "Bengaluru", "pin_code": "560032", "total": 2041.6, "tax_data": "{\"CGST\": {\"9.00\": 158.40}, \"SGST\": {\"7.00\": 123.20}}", "total_data": null, "total_tax": 281.6, "payment_method": "PayPal", "status": "New", "is_ordered": false, "created_at": "2026-04-29T19:49:32.139Z", "updated_at": "2026-04-29T19:49:32.153Z", "vendors": [1, 2, 3, 7]}}, {"model": "orders.order", "pk": 86, "fields": {"user": 10, "payment": null, "order_number": "2026043002113986", "first_name": "Alok", "last_name": "Das", "phone": "8844556633", "email": "lily78@gmail.com", "address": "Bellandur, Bengaluru, Karnataka, India", "country": "India", "state": "Karnataka", "city": "Bengaluru", "pin_code": "560032", "total": 2041.6, "tax_data": "{\"CGST\": {\"9.00\": 158.40}, \"SGST\": {\"7.00\": 123.20}}", "total_data": null, "total_tax": 281.6, "payment_method": "PayPal", "status": "New", "is_ordered": false, "created_at": "2026-04-29T20:41:39.828Z", "updated_at": "2026-04-29T20:41:39.879Z", "vendors": [1, 2, 3, 7]}}, {"model": "orders.order", "pk": 87, "fields": {"user": 10, "payment": null, "order_number": "2026043002175287", "first_name": "Alok", "last_name": "Das", "phone": "8844556633", "email": "lily78@gmail.com", "address": "Bellandur, Bengaluru, Karnataka, India", "country": "India", "state": "Karnataka", "city": "Bengaluru", "pin_code": "560032", "total": 2041.6, "tax_data": "{\"CGST\": {\"9.00\": 158.40}, \"SGST\": {\"7.00\": 123.20}}", "total_data": "{\"1\": {\"600.00\": \"{'CGST': {'9.00': '54.00'}, 'SGST': {'7.00': '42.00'}}\"}, \"7\": {\"330.00\": \"{'CGST': {'9.00': '29.70'}, 'SGST': {'7.00': '23.10'}}\"}, \"2\": {\"270.00\": \"{'CGST': {'9.00': '24.30'}, 'SGST': {'7.00': '18.90'}}\"}, \"3\": {\"560.00\": \"{'CGST': {'9.00': '50.40'}, 'SGST': {'7.00': '39.20'}}\"}}", "total_tax": 281.6, "payment_method": "PayPal", "status": "New", "is_ordered": false, "created_at": "2026-04-29T20:47:52.342Z", "updated_at": "2026-04-29T20:47:52.373Z", "vendors": [1, 2, 3, 7]}}, {"model": "orders.order", "pk": 88, "fields": {"user": 10, "payment": 31, "order_number": "2026043011075088", "first_name": "Alok", "last_name": "Das", "phone": "8844556633", "email": "lily78@gmail.com", "address": "Bellandur, Bengaluru, Karnataka, India", "country": "India", "state": "Karnataka", "city": "Bengaluru", "pin_code": "560032", "total": 2041.6, "tax_data": "{\"CGST\": {\"9.00\": 158.40}, \"SGST\": {\"7.00\": 123.20}}", "total_data": "{\"1\": {\"600.00\": \"{'CGST': {'9.00': '54.00'}, 'SGST': {'7.00': '42.00'}}\"}, \"7\": {\"330.00\": \"{'CGST': {'9.00': '29.70'}, 'SGST': {'7.00': '23.10'}}\"}, \"2\": {\"270.00\": \"{'CGST': {'9.00': '24.30'}, 'SGST': {'7.00': '18.90'}}\"}, \"3\": {\"560.00\": \"{'CGST': {'9.00': '50.40'}, 'SGST': {'7.00': '39.20'}}\"}}", "total_tax": 281.6, "payment_method": "PayPal", "status": "New", "is_ordered": true, "created_at": "2026-04-30T05:37:50.537Z", "updated_at": "2026-04-30T05:38:25.563Z", "vendors": [1, 2, 3, 7]}}, {"model": "orders.order", "pk": 89, "fields": {"user": 9, "payment": 32, "order_number": "2026050319435289", "first_name": "Aditya", "last_name": "Pancholi", "phone": "", "email": "aditya44@gmail.com", "address": "Marathahalli, Bengaluru, Karnataka, India", "country": "India", "state": "Karnataka", "city": "Bengaluru", "pin_code": "560037", "total": 382.8, "tax_data": "{\"CGST\": {\"9.00\": 29.70}, \"SGST\": {\"7.00\": 23.10}}", "total_data": "{\"7\": {\"330.00\": \"{'CGST': {'9.00': '29.70'}, 'SGST': {'7.00': '23.10'}}\"}}", "total_tax": 52.8, "payment_method": "PayPal", "status": "New", "is_ordered": true, "created_at": "2026-05-03T14:13:52.119Z", "updated_at": "2026-05-03T14:14:24.194Z", "vendors": [7]}}, {"model": "orders.order", "pk": 90, "fields": {"user": 9, "payment": 33, "order_number": "2026050401024790", "first_name": "Aditya", "last_name": "Pancholi", "phone": "", "email": "aditya44@gmail.com", "address": "Marathahalli, Bengaluru, Karnataka, India", "country": "India", "state": "Karnataka", "city": "Bengaluru", "pin_code": "560037", "total": 406.0, "tax_data": "{\"CGST\": {\"9.00\": 31.50}, \"SGST\": {\"7.00\": 24.50}}", "total_data": "{\"2\": {\"350.00\": \"{'CGST': {'9.00': '31.50'}, 'SGST': {'7.00': '24.50'}}\"}}", "total_tax": 56.0, "payment_method": "PayPal", "status": "New", "is_ordered": true, "created_at": "2026-05-03T19:32:47.801Z", "updated_at": "2026-05-03T19:33:22.212Z", "vendors": [2]}}, {"model": "orders.order", "pk": 91, "fields": {"user": 9, "payment": null, "order_number": "2026050401111891", "first_name": "Aditya", "last_name": "Pancholi", "phone": "", "email": "aditya44@gmail.com", "address": "Marathahalli, Bengaluru, Karnataka, India", "country": "India", "state": "Karnataka", "city": "Bengaluru", "pin_code": "560037", "total": 406.0, "tax_data": "{\"CGST\": {\"9.00\": 31.50}, \"SGST\": {\"7.00\": 24.50}}", "total_data": "{\"2\": {\"350.00\": \"{'CGST': {'9.00': '31.50'}, 'SGST': {'7.00': '24.50'}}\"}}", "total_tax": 56.0, "payment_method": "PayPal", "status": "New", "is_ordered": false, "created_at": "2026-05-03T19:41:18.612Z", "updated_at": "2026-05-03T19:41:18.656Z", "vendors": [2]}}, {"model": "orders.order", "pk": 92, "fields": {"user": 9, "payment": 34, "order_number": "2026050401122892", "first_name": "Aditya", "last_name": "Pancholi", "phone": "", "email": "aditya44@gmail.com", "address": "Marathahalli, Bengaluru, Karnataka, India", "country": "India", "state": "Karnataka", "city": "Bengaluru", "pin_code": "560037", "total": 406.0, "tax_data": "{\"CGST\": {\"9.00\": 31.50}, \"SGST\": {\"7.00\": 24.50}}", "total_data": "{\"2\": {\"350.00\": \"{'CGST': {'9.00': '31.50'}, 'SGST': {'7.00': '24.50'}}\"}}", "total_tax": 56.0, "payment_method": "PayPal", "status": "New", "is_ordered": true, "created_at": "2026-05-03T19:42:28.685Z", "updated_at": "2026-05-03T19:42:44.149Z", "vendors": [2]}}, {"model": "orders.order", "pk": 93, "fields": {"user": 9, "payment": 35, "order_number": "2026050401160593", "first_name": "Aditya", "last_name": "Pancholi", "phone": "", "email": "aditya44@gmail.com", "address": "Marathahalli, Bengaluru, Karnataka, India", "country": "India", "state": "Karnataka", "city": "Bengaluru", "pin_code": "560037", "total": 313.2, "tax_data": "{\"CGST\": {\"9.00\": 24.30}, \"SGST\": {\"7.00\": 18.90}}", "total_data": "{\"2\": {\"270.00\": \"{'CGST': {'9.00': '24.30'}, 'SGST': {'7.00': '18.90'}}\"}}", "total_tax": 43.2, "payment_method": "PayPal", "status": "New", "is_ordered": true, "created_at": "2026-05-03T19:46:05.249Z", "updated_at": "2026-05-03T19:46:22.674Z", "vendors": [2]}}, {"model": "orders.order", "pk": 94, "fields": {"user": 10, "payment": null, "order_number": "2026051104102794", "first_name": "Alok", "last_name": "Das", "phone": "8844556633", "email": "lily78@gmail.com", "address": "Bellandur, Bengaluru, Karnataka, India", "country": "India", "state": "Karnataka", "city": "Bengaluru", "pin_code": "560032", "total": 498.8, "tax_data": "{\"CGST\": {\"9.00\": 38.70}, \"SGST\": {\"7.00\": 30.10}}", "total_data": "{\"7\": {\"430.00\": \"{'CGST': {'9.00': '38.70'}, 'SGST': {'7.00': '30.10'}}\"}}", "total_tax": 68.8, "payment_method": "PayPal", "status": "New", "is_ordered": false, "created_at": "2026-05-10T22:40:27.006Z", "updated_at": "2026-05-10T22:40:27.403Z", "vendors": [7]}}, {"model": "orders.orderedfood", "pk": 56, "fields": {"order": 73, "payment": 28, "user": 10, "fooditem": 14, "quantity": 2, "price": 150.0, "amount": 300.0, "created_at": "2026-04-29T04:25:42.560Z", "updated_at": "2026-04-29T04:25:42.560Z"}}, {"model": "orders.orderedfood", "pk": 57, "fields": {"order": 73, "payment": 28, "user": 10, "fooditem": 16, "quantity": 2, "price": 50.0, "amount": 100.0, "created_at": "2026-04-29T04:25:42.593Z", "updated_at": "2026-04-29T04:25:42.593Z"}}, {"model": "orders.orderedfood", "pk": 58, "fields": {"order": 73, "payment": 28, "user": 10, "fooditem": 15, "quantity": 1, "price": 200.0, "amount": 200.0, "created_at": "2026-04-29T04:25:42.597Z", "updated_at": "2026-04-29T04:25:42.597Z"}}, {"model": "orders.orderedfood", "pk": 59, "fields": {"order": 73, "payment": 28, "user": 10, "fooditem": 7, "quantity": 2, "price": 150.0, "amount": 300.0, "created_at": "2026-04-29T04:25:42.604Z", "updated_at": "2026-04-29T04:25:42.604Z"}}, {"model": "orders.orderedfood", "pk": 60, "fields": {"order": 73, "payment": 28, "user": 10, "fooditem": 8, "quantity": 1, "price": 120.0, "amount": 120.0, "created_at": "2026-04-29T04:25:42.608Z", "updated_at": "2026-04-29T04:25:42.608Z"}}, {"model": "orders.orderedfood", "pk": 61, "fields": {"order": 81, "payment": 29, "user": 10, "fooditem": 15, "quantity": 2, "price": 200.0, "amount": 400.0, "created_at": "2026-04-29T09:51:02.340Z", "updated_at": "2026-04-29T09:51:02.340Z"}}, {"model": "orders.orderedfood", "pk": 62, "fields": {"order": 81, "payment": 29, "user": 10, "fooditem": 21, "quantity": 1, "price": 180.0, "amount": 180.0, "created_at": "2026-04-29T09:51:02.353Z", "updated_at": "2026-04-29T09:51:02.353Z"}}, {"model": "orders.orderedfood", "pk": 63, "fields": {"order": 81, "payment": 29, "user": 10, "fooditem": 24, "quantity": 1, "price": 150.0, "amount": 150.0, "created_at": "2026-04-29T09:51:02.358Z", "updated_at": "2026-04-29T09:51:02.358Z"}}, {"model": "orders.orderedfood", "pk": 64, "fields": {"order": 81, "payment": 29, "user": 10, "fooditem": 9, "quantity": 2, "price": 120.0, "amount": 240.0, "created_at": "2026-04-29T09:51:02.362Z", "updated_at": "2026-04-29T09:51:02.362Z"}}, {"model": "orders.orderedfood", "pk": 65, "fields": {"order": 81, "payment": 29, "user": 10, "fooditem": 8, "quantity": 1, "price": 120.0, "amount": 120.0, "created_at": "2026-04-29T09:51:02.367Z", "updated_at": "2026-04-29T09:51:02.367Z"}}, {"model": "orders.orderedfood", "pk": 66, "fields": {"order": 81, "payment": 29, "user": 10, "fooditem": 11, "quantity": 1, "price": 150.0, "amount": 150.0, "created_at": "2026-04-29T09:51:02.372Z", "updated_at": "2026-04-29T09:51:02.372Z"}}, {"model": "orders.orderedfood", "pk": 67, "fields": {"order": 82, "payment": 30, "user": 10, "fooditem": 15, "quantity": 2, "price": 200.0, "amount": 400.0, "created_at": "2026-04-29T09:57:17.660Z", "updated_at": "2026-04-29T09:57:17.660Z"}}, {"model": "orders.orderedfood", "pk": 68, "fields": {"order": 82, "payment": 30, "user": 10, "fooditem": 18, "quantity": 1, "price": 180.0, "amount": 180.0, "created_at": "2026-04-29T09:57:17.670Z", "updated_at": "2026-04-29T09:57:17.670Z"}}, {"model": "orders.orderedfood", "pk": 69, "fields": {"order": 82, "payment": 30, "user": 10, "fooditem": 24, "quantity": 1, "price": 150.0, "amount": 150.0, "created_at": "2026-04-29T09:57:17.674Z", "updated_at": "2026-04-29T09:57:17.674Z"}}, {"model": "orders.orderedfood", "pk": 70, "fields": {"order": 88, "payment": 31, "user": 10, "fooditem": 14, "quantity": 2, "price": 150.0, "amount": 300.0, "created_at": "2026-04-30T05:38:25.593Z", "updated_at": "2026-04-30T05:38:25.593Z"}}, {"model": "orders.orderedfood", "pk": 71, "fields": {"order": 88, "payment": 31, "user": 10, "fooditem": 15, "quantity": 1, "price": 200.0, "amount": 200.0, "created_at": "2026-04-30T05:38:25.617Z", "updated_at": "2026-04-30T05:38:25.617Z"}}, {"model": "orders.orderedfood", "pk": 72, "fields": {"order": 88, "payment": 31, "user": 10, "fooditem": 16, "quantity": 2, "price": 50.0, "amount": 100.0, "created_at": "2026-04-30T05:38:25.623Z", "updated_at": "2026-04-30T05:38:25.623Z"}}, {"model": "orders.orderedfood", "pk": 73, "fields": {"order": 88, "payment": 31, "user": 10, "fooditem": 21, "quantity": 1, "price": 180.0, "amount": 180.0, "created_at": "2026-04-30T05:38:25.626Z", "updated_at": "2026-04-30T05:38:25.626Z"}}, {"model": "orders.orderedfood", "pk": 74, "fields": {"order": 88, "payment": 31, "user": 10, "fooditem": 24, "quantity": 1, "price": 150.0, "amount": 150.0, "created_at": "2026-04-30T05:38:25.630Z", "updated_at": "2026-04-30T05:38:25.630Z"}}, {"model": "orders.orderedfood", "pk": 75, "fields": {"order": 88, "payment": 31, "user": 10, "fooditem": 7, "quantity": 1, "price": 150.0, "amount": 150.0, "created_at": "2026-04-30T05:38:25.633Z", "updated_at": "2026-04-30T05:38:25.633Z"}}, {"model": "orders.orderedfood", "pk": 76, "fields": {"order": 88, "payment": 31, "user": 10, "fooditem": 8, "quantity": 1, "price": 120.0, "amount": 120.0, "created_at": "2026-04-30T05:38:25.638Z", "updated_at": "2026-04-30T05:38:25.638Z"}}, {"model": "orders.orderedfood", "pk": 77, "fields": {"order": 88, "payment": 31, "user": 10, "fooditem": 18, "quantity": 2, "price": 180.0, "amount": 360.0, "created_at": "2026-04-30T05:38:25.642Z", "updated_at": "2026-04-30T05:38:25.642Z"}}, {"model": "orders.orderedfood", "pk": 78, "fields": {"order": 88, "payment": 31, "user": 10, "fooditem": 19, "quantity": 1, "price": 200.0, "amount": 200.0, "created_at": "2026-04-30T05:38:25.646Z", "updated_at": "2026-04-30T05:38:25.646Z"}}, {"model": "orders.orderedfood", "pk": 79, "fields": {"order": 89, "payment": 32, "user": 9, "fooditem": 21, "quantity": 1, "price": 180.0, "amount": 180.0, "created_at": "2026-05-03T14:14:24.221Z", "updated_at": "2026-05-03T14:14:24.221Z"}}, {"model": "orders.orderedfood", "pk": 80, "fields": {"order": 89, "payment": 32, "user": 9, "fooditem": 24, "quantity": 1, "price": 150.0, "amount": 150.0, "created_at": "2026-05-03T14:14:24.252Z", "updated_at": "2026-05-03T14:14:24.252Z"}}, {"model": "orders.orderedfood", "pk": 81, "fields": {"order": 90, "payment": 33, "user": 9, "fooditem": 6, "quantity": 1, "price": 200.0, "amount": 200.0, "created_at": "2026-05-03T19:33:22.237Z", "updated_at": "2026-05-03T19:33:22.237Z"}}, {"model": "orders.orderedfood", "pk": 82, "fields": {"order": 90, "payment": 33, "user": 9, "fooditem": 7, "quantity": 1, "price": 150.0, "amount": 150.0, "created_at": "2026-05-03T19:33:22.270Z", "updated_at": "2026-05-03T19:33:22.270Z"}}, {"model": "orders.orderedfood", "pk": 83, "fields": {"order": 92, "payment": 34, "user": 9, "fooditem": 6, "quantity": 1, "price": 200.0, "amount": 200.0, "created_at": "2026-05-03T19:42:44.187Z", "updated_at": "2026-05-03T19:42:44.187Z"}}, {"model": "orders.orderedfood", "pk": 84, "fields": {"order": 92, "payment": 34, "user": 9, "fooditem": 7, "quantity": 1, "price": 150.0, "amount": 150.0, "created_at": "2026-05-03T19:42:44.198Z", "updated_at": "2026-05-03T19:42:44.198Z"}}, {"model": "orders.orderedfood", "pk": 85, "fields": {"order": 93, "payment": 35, "user": 9, "fooditem": 7, "quantity": 1, "price": 150.0, "amount": 150.0, "created_at": "2026-05-03T19:46:22.701Z", "updated_at": "2026-05-03T19:46:22.701Z"}}, {"model": "orders.orderedfood", "pk": 86, "fields": {"order": 93, "payment": 35, "user": 9, "fooditem": 8, "quantity": 1, "price": 120.0, "amount": 120.0, "created_at": "2026-05-03T19:46:22.712Z", "updated_at": "2026-05-03T19:46:22.712Z"}}]